indicador,data,valor
credito_personas,01/03/2011,2.6
credito_personas,01/04/2011,2.62
credito_personas,01/05/2011,2.6
credito_personas,01/06/2011,2.6
credito_personas,01/07/2011,2.56
credito_personas,01/08/2011,2.61
credito_personas,01/09/2011,2.63
credito_personas,01/10/2011,2.62
credito_personas,01/11/2011,2.57
credito_personas,01/12/2011,2.56
credito_personas,01/01/2012,2.58
credito_personas,01/02/2012,2.59
credito_personas,01/03/2012,2.56
credito_personas,01/04/2012,2.45
credito_personas,01/05/2012,2.39
credito_personas,01/06/2012,2.32
credito_personas,01/07/2012,2.28
credito_personas,01/08/2012,2.25
credito_personas,01/09/2012,2.3
credito_personas,01/10/2012,2.29
credito_personas,01/11/2012,2.27
credito_personas,01/12/2012,2.24
credito_personas,01/01/2013,2.25
credito_personas,01/02/2013,2.26
credito_personas,01/03/2013,2.24
credito_personas,01/04/2013,2.24
credito_personas,01/05/2013,2.19
credito_personas,01/06/2013,2.18
credito_personas,01/07/2013,2.22
credito_personas,01/08/2013,2.23
credito_personas,01/09/2013,2.25
credito_personas,01/10/2013,2.28
credito_personas,01/11/2013,2.27
credito_personas,01/12/2013,2.19
credito_personas,01/01/2014,2.35
credito_personas,01/02/2014,2.35
credito_personas,01/03/2014,2.36
credito_personas,01/04/2014,2.36
credito_personas,01/05/2014,2.37
credito_personas,01/06/2014,2.38
credito_personas,01/07/2014,2.39
credito_personas,01/08/2014,2.41
credito_personas,01/09/2014,2.42
credito_personas,01/10/2014,2.48
credito_personas,01/11/2014,2.44
credito_personas,01/12/2014,2.47
credito_personas,01/01/2015,2.6
credito_personas,01/02/2015,2.67
credito_personas,01/03/2015,2.68
credito_personas,01/04/2015,2.68
credito_personas,01/05/2015,2.69
credito_personas,01/06/2015,2.72
credito_personas,01/07/2015,2.82
credito_personas,01/08/2015,2.89
credito_personas,01/09/2015,2.86
credito_personas,01/10/2015,2.91
credito_personas,01/11/2015,2.93
credito_personas,01/12/2015,2.91
credito_personas,01/01/2016,3.02
credito_personas,01/02/2016,3.04
credito_personas,01/03/2016,3.09
credito_personas,01/04/2016,3.06
credito_personas,01/05/2016,3.06
credito_personas,01/06/2016,3.03
credito_personas,01/07/2016,3.04
credito_personas,01/08/2016,3.05
credito_personas,01/09/2016,3.08
credito_personas,01/10/2016,3.12
credito_personas,01/11/2016,3.05
credito_personas,01/12/2016,3.01
credito_personas,01/01/2017,3.07
credito_personas,01/02/2017,3.07
credito_personas,01/03/2017,3.06
credito_personas,01/04/2017,3.04
credito_personas,01/05/2017,2.98
credito_personas,01/06/2017,2.95
credito_personas,01/07/2017,2.97
credito_personas,01/08/2017,2.92
credito_personas,01/09/2017,2.95
credito_personas,01/10/2017,2.89
credito_personas,01/11/2017,2.81
credito_personas,01/12/2017,2.83
credito_personas,01/01/2018,2.88
credito_personas,01/02/2018,2.92
credito_personas,01/03/2018,2.92
credito_personas,01/04/2018,2.89
credito_personas,01/05/2018,2.85
credito_personas,01/06/2018,2.83
credito_personas,01/07/2018,2.79
credito_personas,01/08/2018,2.77
credito_personas,01/09/2018,2.77
credito_personas,01/10/2018,2.75
credito_personas,01/11/2018,2.67
credito_personas,01/12/2018,2.67
credito_personas,01/01/2019,2.69
credito_personas,01/02/2019,2.74
credito_personas,01/03/2019,2.7
credito_personas,01/04/2019,2.66
credito_personas,01/05/2019,2.62
credito_personas,01/06/2019,2.59
credito_personas,01/07/2019,2.54
credito_personas,01/08/2019,2.53
credito_personas,01/09/2019,2.53
credito_personas,01/10/2019,2.48
credito_personas,01/11/2019,2.41
credito_personas,01/12/2019,2.39
credito_personas,01/01/2020,2.47
credito_personas,01/02/2020,2.46
credito_personas,01/03/2020,2.38
credito_personas,01/04/2020,2.15
credito_personas,01/05/2020,2.19
credito_personas,01/06/2020,2.17
credito_personas,01/07/2020,2.12
credito_personas,01/08/2020,2.13
credito_personas,01/09/2020,2.22
credito_personas,01/10/2020,2.21
credito_personas,01/11/2020,2.1
credito_personas,01/12/2020,2.19
credito_personas,01/01/2021,2.19
credito_personas,01/02/2021,2.23
credito_personas,01/03/2021,2.2
credito_personas,01/04/2021,2.13
credito_personas,01/05/2021,2.17
credito_personas,01/06/2021,2.17
credito_personas,01/07/2021,2.18
credito_personas,01/08/2021,2.2
credito_personas,01/09/2021,2.26
credito_personas,01/10/2021,2.36
credito_personas,01/11/2021,2.4
credito_personas,01/12/2021,2.5
credito_personas,01/01/2022,2.56
credito_personas,01/02/2022,2.61
credito_personas,01/03/2022,2.63
credito_personas,01/04/2022,2.65
credito_personas,01/05/2022,2.65
credito_personas,01/06/2022,2.61
credito_personas,01/07/2022,2.65
credito_personas,01/08/2022,2.68
credito_personas,01/09/2022,2.69
credito_personas,01/10/2022,3.25
credito_personas,01/11/2022,3.11
credito_personas,01/12/2022,2.8
credito_personas,01/01/2023,2.8
credito_personas,01/02/2023,2.82
credito_personas,01/03/2023,2.8
credito_personas,01/04/2023,2.79
credito_personas,01/05/2023,2.78
credito_personas,01/06/2023,2.78
credito_personas,01/07/2023,2.75
credito_personas,01/08/2023,2.74
credito_personas,01/09/2023,2.72
credito_personas,01/10/2023,2.68
credito_personas,01/11/2023,2.67
credito_personas,01/12/2023,2.73
credito_personas,01/01/2024,2.75
credito_personas,01/02/2024,2.76
credito_personas,01/03/2024,2.72
credito_personas,01/04/2024,2.75
credito_personas,01/05/2024,2.77
credito_personas,01/06/2024,2.76
credito_personas,01/07/2024,2.75
credito_personas,01/08/2024,2.73
credito_personas,01/09/2024,2.74
credito_personas,01/10/2024,2.76
credito_personas,01/11/2024,2.79
credito_personas,01/12/2024,2.89
credito_personas,01/01/2025,2.91
credito_personas,01/02/2025,2.9
credito_personas,01/03/2025,3.09
credito_personas,01/04/2025,3.94
credito_personas,01/05/2025,3.75
credito_personas,01/06/2025,3.79
credito_personas,01/07/2025,3.75
credito_personas,01/08/2025,3.79
credito_personas,01/09/2025,3.91
credito_personas,01/10/2025,3.94
credito_personas,01/11/2025,3.84
credito_personas,01/12/2025,3.79
credito_personas,01/01/2026,3.85
credito_personas,01/02/2026,3.96
credito_personas,01/03/2026,3.82
credito_personas,01/04/2026,3.79
ibcbr,01/01/2003,67.2184
ibcbr,01/02/2003,68.97535
ibcbr,01/03/2003,72.29213
ibcbr,01/04/2003,71.43515
ibcbr,01/05/2003,70.1141
ibcbr,01/06/2003,68.91523
ibcbr,01/07/2003,72.04168
ibcbr,01/08/2003,70.93728
ibcbr,01/09/2003,71.91563
ibcbr,01/10/2003,73.44233
ibcbr,01/11/2003,71.27284
ibcbr,01/12/2003,69.72234
ibcbr,01/01/2004,68.91897
ibcbr,01/02/2004,69.5242
ibcbr,01/03/2004,78.28149
ibcbr,01/04/2004,75.0529
ibcbr,01/05/2004,74.12148
ibcbr,01/06/2004,74.80093
ibcbr,01/07/2004,77.92854
ibcbr,01/08/2004,77.35465
ibcbr,01/09/2004,76.3472
ibcbr,01/10/2004,76.12213
ibcbr,01/11/2004,76.60865
ibcbr,01/12/2004,75.19329
ibcbr,01/01/2005,72.37047
ibcbr,01/02/2005,72.70598
ibcbr,01/03/2005,80.68877
ibcbr,01/04/2005,78.54155
ibcbr,01/05/2005,77.49933
ibcbr,01/06/2005,77.9434
ibcbr,01/07/2005,79.10163
ibcbr,01/08/2005,80.4991
ibcbr,01/09/2005,77.56388
ibcbr,01/10/2005,77.82693
ibcbr,01/11/2005,78.10904
ibcbr,01/12/2005,77.77229
ibcbr,01/01/2006,75.88664
ibcbr,01/02/2006,75.35799
ibcbr,01/03/2006,83.25463
ibcbr,01/04/2006,78.7236
ibcbr,01/05/2006,81.924
ibcbr,01/06/2006,79.97367
ibcbr,01/07/2006,83.47258
ibcbr,01/08/2006,84.63161
ibcbr,01/09/2006,81.24214
ibcbr,01/10/2006,83.41944
ibcbr,01/11/2006,82.95932
ibcbr,01/12/2006,81.30467
ibcbr,01/01/2007,80.24319
ibcbr,01/02/2007,79.22355
ibcbr,01/03/2007,87.45866
ibcbr,01/04/2007,84.09345
ibcbr,01/05/2007,86.6152
ibcbr,01/06/2007,85.54866
ibcbr,01/07/2007,89.37689
ibcbr,01/08/2007,90.2159
ibcbr,01/09/2007,86.15191
ibcbr,01/10/2007,90.29815
ibcbr,01/11/2007,87.99803
ibcbr,01/12/2007,85.58635
ibcbr,01/01/2008,85.18548
ibcbr,01/02/2008,85.22103
ibcbr,01/03/2008,90.17302
ibcbr,01/04/2008,90.51454
ibcbr,01/05/2008,90.12562
ibcbr,01/06/2008,91.28901
ibcbr,01/07/2008,95.44629
ibcbr,01/08/2008,93.58495
ibcbr,01/09/2008,92.69702
ibcbr,01/10/2008,92.83368
ibcbr,01/11/2008,87.0924
ibcbr,01/12/2008,83.11962
ibcbr,01/01/2009,80.53122
ibcbr,01/02/2009,80.57159
ibcbr,01/03/2009,89.34817
ibcbr,01/04/2009,86.05032
ibcbr,01/05/2009,86.96903
ibcbr,01/06/2009,87.81066
ibcbr,01/07/2009,91.88245
ibcbr,01/08/2009,91.36878
ibcbr,01/09/2009,90.74527
ibcbr,01/10/2009,92.61548
ibcbr,01/11/2009,90.61457
ibcbr,01/12/2009,90.34028
ibcbr,01/01/2010,87.94934
ibcbr,01/02/2010,89.2068
ibcbr,01/03/2010,100.27383
ibcbr,01/04/2010,95.67957
ibcbr,01/05/2010,95.43544
ibcbr,01/06/2010,95.13566
ibcbr,01/07/2010,99.01527
ibcbr,01/08/2010,98.95012
ibcbr,01/09/2010,97.49196
ibcbr,01/10/2010,97.39954
ibcbr,01/11/2010,97.64564
ibcbr,01/12/2010,95.55395
ibcbr,01/01/2011,92.74065
ibcbr,01/02/2011,95.19997
ibcbr,01/03/2011,101.3192
ibcbr,01/04/2011,97.78948
ibcbr,01/05/2011,100.12892
ibcbr,01/06/2011,99.09212
ibcbr,01/07/2011,101.50119
ibcbr,01/08/2011,103.11781
ibcbr,01/09/2011,99.48095
ibcbr,01/10/2011,99.28007
ibcbr,01/11/2011,99.17623
ibcbr,01/12/2011,97.33323
ibcbr,01/01/2012,93.21258
ibcbr,01/02/2012,94.61885
ibcbr,01/03/2012,102.30778
ibcbr,01/04/2012,97.7648
ibcbr,01/05/2012,101.05704
ibcbr,01/06/2012,99.4616
ibcbr,01/07/2012,103.08446
ibcbr,01/08/2012,104.79624
ibcbr,01/09/2012,98.98619
ibcbr,01/10/2012,103.25778
ibcbr,01/11/2012,100.77409
ibcbr,01/12/2012,97.53188
ibcbr,01/01/2013,97.39493
ibcbr,01/02/2013,95.16925
ibcbr,01/03/2013,103.46958
ibcbr,01/04/2013,104.71573
ibcbr,01/05/2013,102.78262
ibcbr,01/06/2013,101.27719
ibcbr,01/07/2013,106.34693
ibcbr,01/08/2013,106.12456
ibcbr,01/09/2013,102.951
ibcbr,01/10/2013,106.19151
ibcbr,01/11/2013,103.3155
ibcbr,01/12/2013,101.90477
ibcbr,01/01/2014,99.76897
ibcbr,01/02/2014,100.33641
ibcbr,01/03/2014,104.1816
ibcbr,01/04/2014,103.248
ibcbr,01/05/2014,102.86346
ibcbr,01/06/2014,98.48717
ibcbr,01/07/2014,104.75483
ibcbr,01/08/2014,103.65364
ibcbr,01/09/2014,103.54746
ibcbr,01/10/2014,104.65373
ibcbr,01/11/2014,101.30962
ibcbr,01/12/2014,101.69819
ibcbr,01/01/2015,96.9607
ibcbr,01/02/2015,95.6889
ibcbr,01/03/2015,104.38635
ibcbr,01/04/2015,99.4552
ibcbr,01/05/2015,97.5254
ibcbr,01/06/2015,96.82317
ibcbr,01/07/2015,99.84314
ibcbr,01/08/2015,98.19926
ibcbr,01/09/2015,96.42512
ibcbr,01/10/2015,97.72243
ibcbr,01/11/2015,95.06369
ibcbr,01/12/2015,95.40067
ibcbr,01/01/2016,89.87062
ibcbr,01/02/2016,91.4877
ibcbr,01/03/2016,97.99401
ibcbr,01/04/2016,94.90952
ibcbr,01/05/2016,93.12232
ibcbr,01/06/2016,94.47215
ibcbr,01/07/2016,95.35551
ibcbr,01/08/2016,96.30267
ibcbr,01/09/2016,93.62165
ibcbr,01/10/2016,92.73418
ibcbr,01/11/2016,92.62471
ibcbr,01/12/2016,93.55165
ibcbr,01/01/2017,89.90447
ibcbr,01/02/2017,90.4445
ibcbr,01/03/2017,99.01453
ibcbr,01/04/2017,93.37047
ibcbr,01/05/2017,94.65152
ibcbr,01/06/2017,94.31754
ibcbr,01/07/2017,96.5409
ibcbr,01/08/2017,97.74903
ibcbr,01/09/2017,94.18057
ibcbr,01/10/2017,95.02149
ibcbr,01/11/2017,94.53653
ibcbr,01/12/2017,95.08815
ibcbr,01/01/2018,92.28695
ibcbr,01/02/2018,90.82494
ibcbr,01/03/2018,98.72679
ibcbr,01/04/2018,97.04195
ibcbr,01/05/2018,92.30996
ibcbr,01/06/2018,95.71848
ibcbr,01/07/2018,98.43506
ibcbr,01/08/2018,100.01638
ibcbr,01/09/2018,94.84516
ibcbr,01/10/2018,97.75021
ibcbr,01/11/2018,96.3427
ibcbr,01/12/2018,95.53914
ibcbr,01/01/2019,93.18627
ibcbr,01/02/2019,93.74618
ibcbr,01/03/2019,97.03471
ibcbr,01/04/2019,97.42994
ibcbr,01/05/2019,97.37583
ibcbr,01/06/2019,94.46255
ibcbr,01/07/2019,99.99017
ibcbr,01/08/2019,99.29552
ibcbr,01/09/2019,96.56005
ibcbr,01/10/2019,99.88519
ibcbr,01/11/2019,97.25728
ibcbr,01/12/2019,96.42236
ibcbr,01/01/2020,93.56733
ibcbr,01/02/2020,94.01505
ibcbr,01/03/2020,95.26194
ibcbr,01/04/2020,83.69744
ibcbr,01/05/2020,84.23223
ibcbr,01/06/2020,88.85592
ibcbr,01/07/2020,95.4319
ibcbr,01/08/2020,94.94526
ibcbr,01/09/2020,95.78355
ibcbr,01/10/2020,97.82627
ibcbr,01/11/2020,96.62274
ibcbr,01/12/2020,97.5046
ibcbr,01/01/2021,91.88735
ibcbr,01/02/2021,94.05891
ibcbr,01/03/2021,101.08908
ibcbr,01/04/2021,97.40669
ibcbr,01/05/2021,96.00952
ibcbr,01/06/2021,96.46515
ibcbr,01/07/2021,99.84045
ibcbr,01/08/2021,99.18841
ibcbr,01/09/2021,97.10213
ibcbr,01/10/2021,96.53525
ibcbr,01/11/2021,97.85074
ibcbr,01/12/2021,99.31719
ibcbr,01/01/2022,91.68135
ibcbr,01/02/2022,95.63869
ibcbr,01/03/2022,104.52745
ibcbr,01/04/2022,100.23187
ibcbr,01/05/2022,99.74515
ibcbr,01/06/2022,99.31223
ibcbr,01/07/2022,103.96198
ibcbr,01/08/2022,104.51378
ibcbr,01/09/2022,101.18408
ibcbr,01/10/2022,100.08341
ibcbr,01/11/2022,99.15286
ibcbr,01/12/2022,99.96717
ibcbr,01/01/2023,95.09937
ibcbr,01/02/2023,98.65085
ibcbr,01/03/2023,110.61559
ibcbr,01/04/2023,104.04073
ibcbr,01/05/2023,102.717
ibcbr,01/06/2023,102.28027
ibcbr,01/07/2023,105.34385
ibcbr,01/08/2023,106.05901
ibcbr,01/09/2023,101.7557
ibcbr,01/10/2023,101.93319
ibcbr,01/11/2023,101.6828
ibcbr,01/12/2023,101.67956
ibcbr,01/01/2024,99.29643
ibcbr,01/02/2024,102.15218
ibcbr,01/03/2024,109.56614
ibcbr,01/04/2024,109.25735
ibcbr,01/05/2024,104.71633
ibcbr,01/06/2024,105.86827
ibcbr,01/07/2024,111.51398
ibcbr,01/08/2024,110.06739
ibcbr,01/09/2024,107.07989
ibcbr,01/10/2024,109.18606
ibcbr,01/11/2024,105.49283
ibcbr,01/12/2024,104.15728
ibcbr,01/01/2025,102.72562
ibcbr,01/02/2025,106.92536
ibcbr,01/03/2025,114.11525
ibcbr,01/04/2025,112.68553
ibcbr,01/05/2025,108.64623
ibcbr,01/06/2025,107.44774
ibcbr,01/07/2025,113.20976
ibcbr,01/08/2025,110.47021
ibcbr,01/09/2025,109.57121
ibcbr,01/10/2025,110.14581
ibcbr,01/11/2025,106.68216
ibcbr,01/12/2025,107.29284
ibcbr,01/01/2026,103.90389
ibcbr,01/02/2026,106.80338
ibcbr,01/03/2026,117.61851
pib,01/02/1990,0.4
pib,01/03/1990,0.8
pib,01/04/1990,0.7
pib,01/05/1990,0.8
pib,01/06/1990,0.8
pib,01/07/1990,0.9
pib,01/08/1990,1.0
pib,01/09/1990,1.1
pib,01/10/1990,1.4
pib,01/11/1990,1.7
pib,01/12/1990,1.8
pib,01/01/1991,2.1
pib,01/02/1991,2.4
pib,01/03/1991,2.5
pib,01/04/1991,3.1
pib,01/05/1991,3.6
pib,01/06/1991,4.1
pib,01/07/1991,4.6
pib,01/08/1991,5.3
pib,01/09/1991,5.6
pib,01/10/1991,7.5
pib,01/11/1991,9.2
pib,01/12/1991,10.5
pib,01/01/1992,13.1
pib,01/02/1992,16.3
pib,01/03/1992,19.6
pib,01/04/1992,23.6
pib,01/05/1992,30.1
pib,01/06/1992,37.5
pib,01/07/1992,46.1
pib,01/08/1992,56.7
pib,01/09/1992,70.8
pib,01/10/1992,89.0
pib,01/11/1992,110.4
pib,01/12/1992,127.7
pib,01/01/1993,164.0
pib,01/02/1993,206.9
pib,01/03/1993,294.6
pib,01/04/1993,368.1
pib,01/05/1993,481.6
pib,01/06/1993,613.5
pib,01/07/1993,841.4
pib,01/08/1993,1149.5
pib,01/09/1993,1578.4
pib,01/10/1993,2071.3
pib,01/11/1993,2792.8
pib,01/12/1993,3534.9
pib,01/01/1994,4562.8
pib,01/02/1994,5793.0
pib,01/03/1994,8520.4
pib,01/04/1994,12828.8
pib,01/05/1994,20504.2
pib,01/06/1994,33126.6
pib,01/07/1994,40788.0
pib,01/08/1994,43873.4
pib,01/09/1994,43836.2
pib,01/10/1994,45234.9
pib,01/11/1994,45926.2
pib,01/12/1994,44210.2
pib,01/01/1995,47028.6
pib,01/02/1995,49954.5
pib,01/03/1995,60024.3
pib,01/04/1995,57789.5
pib,01/05/1995,56350.5
pib,01/06/1995,56726.2
pib,01/07/1995,58788.1
pib,01/08/1995,60950.3
pib,01/09/1995,60610.8
pib,01/10/1995,63428.1
pib,01/11/1995,67762.9
pib,01/12/1995,66577.7
pib,01/01/1996,64133.3
pib,01/02/1996,62202.2
pib,01/03/1996,62987.8
pib,01/04/1996,64019.1
pib,01/05/1996,69488.7
pib,01/06/1996,71103.0
pib,01/07/1996,74969.9
pib,01/08/1996,74798.8
pib,01/09/1996,71744.6
pib,01/10/1996,77200.1
pib,01/11/1996,80449.1
pib,01/12/1996,81667.1
pib,01/01/1997,77582.6
pib,01/02/1997,71072.8
pib,01/03/1997,70461.6
pib,01/04/1997,73576.4
pib,01/05/1997,78110.8
pib,01/06/1997,81202.4
pib,01/07/1997,82058.7
pib,01/08/1997,82132.5
pib,01/09/1997,81987.3
pib,01/10/1997,87297.2
pib,01/11/1997,85390.1
pib,01/12/1997,81216.8
pib,01/01/1998,79363.9
pib,01/02/1998,75828.1
pib,01/03/1998,80508.7
pib,01/04/1998,81166.1
pib,01/05/1998,85207.5
pib,01/06/1998,85562.4
pib,01/07/1998,86938.5
pib,01/08/1998,86371.3
pib,01/09/1998,84733.5
pib,01/10/1998,87302.8
pib,01/11/1998,86316.5
pib,01/12/1998,83051.8
pib,01/01/1999,80936.3
pib,01/02/1999,80929.1
pib,01/03/1999,88802.6
pib,01/04/1999,87739.0
pib,01/05/1999,89223.0
pib,01/06/1999,91746.9
pib,01/07/1999,91230.4
pib,01/08/1999,92283.4
pib,01/09/1999,90611.8
pib,01/10/1999,95872.4
pib,01/11/1999,99563.1
pib,01/12/1999,98772.5
pib,01/01/2000,92576.6
pib,01/02/2000,91770.4
pib,01/03/2000,92579.9
pib,01/04/2000,91376.2
pib,01/05/2000,98727.0
pib,01/06/2000,102685.4
pib,01/07/2000,103410.4
pib,01/08/2000,105177.8
pib,01/09/2000,100307.6
pib,01/10/2000,106951.1
pib,01/11/2000,107678.0
pib,01/12/2000,105851.6
pib,01/01/2001,102530.7
pib,01/02/2001,101635.3
pib,01/03/2001,108303.8
pib,01/04/2001,107572.0
pib,01/05/2001,111202.2
pib,01/06/2001,104949.4
pib,01/07/2001,110758.9
pib,01/08/2001,113064.7
pib,01/09/2001,108700.8
pib,01/10/2001,116139.0
pib,01/11/2001,117882.0
pib,01/12/2001,113016.7
pib,01/01/2002,112374.8
pib,01/02/2002,111477.1
pib,01/03/2002,118444.7
pib,01/04/2002,120385.9
pib,01/05/2002,123552.5
pib,01/06/2002,123424.4
pib,01/07/2002,126856.6
pib,01/08/2002,127800.1
pib,01/09/2002,125137.8
pib,01/10/2002,133125.4
pib,01/11/2002,135966.6
pib,01/12/2002,130241.2
pib,01/01/2003,125713.7
pib,01/02/2003,131377.7
pib,01/03/2003,140150.3
pib,01/04/2003,141001.3
pib,01/05/2003,140056.9
pib,01/06/2003,137929.2
pib,01/07/2003,144627.1
pib,01/08/2003,144366.4
pib,01/09/2003,150356.3
pib,01/10/2003,158347.6
pib,01/11/2003,154764.9
pib,01/12/2003,149259.1
pib,01/01/2004,142455.0
pib,01/02/2004,141654.6
pib,01/03/2004,160673.9
pib,01/04/2004,159113.9
pib,01/05/2004,160112.1
pib,01/06/2004,162569.0
pib,01/07/2004,168216.4
pib,01/08/2004,168068.5
pib,01/09/2004,168967.4
pib,01/10/2004,174390.5
pib,01/11/2004,178012.0
pib,01/12/2004,173518.0
pib,01/01/2005,161646.6
pib,01/02/2005,159966.7
pib,01/03/2005,178097.1
pib,01/04/2005,177918.1
pib,01/05/2005,178129.5
pib,01/06/2005,179509.8
pib,01/07/2005,181673.2
pib,01/08/2005,186712.8
pib,01/09/2005,184473.1
pib,01/10/2005,192948.3
pib,01/11/2005,196419.8
pib,01/12/2005,193089.5
pib,01/01/2006,181707.7
pib,01/02/2006,176988.5
pib,01/03/2006,195574.3
pib,01/04/2006,188585.8
pib,01/05/2006,198731.5
pib,01/06/2006,194659.5
pib,01/07/2006,203488.6
pib,01/08/2006,208799.8
pib,01/09/2006,205559.3
pib,01/10/2006,219035.0
pib,01/11/2006,220981.6
pib,01/12/2006,215338.3
pib,01/01/2007,206662.3
pib,01/02/2007,201552.1
pib,01/03/2007,223208.6
pib,01/04/2007,218931.2
pib,01/05/2007,227535.3
pib,01/06/2007,224188.2
pib,01/07/2007,230916.4
pib,01/08/2007,233905.1
pib,01/09/2007,227024.4
pib,01/10/2007,245688.0
pib,01/11/2007,243269.2
pib,01/12/2007,237382.1
pib,01/01/2008,232824.8
pib,01/02/2008,231982.2
pib,01/03/2008,247248.3
pib,01/04/2008,253194.4
pib,01/05/2008,255747.4
pib,01/06/2008,260583.4
pib,01/07/2008,271290.4
pib,01/08/2008,268546.1
pib,01/09/2008,272766.1
pib,01/10/2008,284913.7
pib,01/11/2008,272120.8
pib,01/12/2008,258585.6
pib,01/01/2009,244784.1
pib,01/02/2009,242496.9
pib,01/03/2009,268846.1
pib,01/04/2009,263434.9
pib,01/05/2009,268734.4
pib,01/06/2009,271408.2
pib,01/07/2009,281453.8
pib,01/08/2009,282514.8
pib,01/09/2009,288874.7
pib,01/10/2009,309141.3
pib,01/11/2009,307943.5
pib,01/12/2009,303406.8
pib,01/01/2010,284387.8
pib,01/02/2010,283355.0
pib,01/03/2010,318654.6
pib,01/04/2010,311649.1
pib,01/05/2010,315947.2
pib,01/06/2010,316548.7
pib,01/07/2010,328892.6
pib,01/08/2010,332376.6
pib,01/09/2010,336665.5
pib,01/10/2010,350938.6
pib,01/11/2010,358431.8
pib,01/12/2010,347999.4
pib,01/01/2011,327592.4
pib,01/02/2011,332316.4
pib,01/03/2011,356621.8
pib,01/04/2011,354607.7
pib,01/05/2011,368282.8
pib,01/06/2011,363821.7
pib,01/07/2011,367341.2
pib,01/08/2011,374873.1
pib,01/09/2011,370119.9
pib,01/10/2011,383767.3
pib,01/11/2011,391536.4
pib,01/12/2011,385501.2
pib,01/01/2012,364188.7
pib,01/02/2012,367527.7
pib,01/03/2012,397757.8
pib,01/04/2012,385882.7
pib,01/05/2012,401863.7
pib,01/06/2012,395379.2
pib,01/07/2012,409024.9
pib,01/08/2012,418752.4
pib,01/09/2012,402671.5
pib,01/10/2012,431399.9
pib,01/11/2012,426614.8
pib,01/12/2012,413696.7
pib,01/01/2013,408895.0
pib,01/02/2013,398087.4
pib,01/03/2013,434631.2
pib,01/04/2013,446508.1
pib,01/05/2013,441321.9
pib,01/06/2013,434750.0
pib,01/07/2013,452593.1
pib,01/08/2013,453785.4
pib,01/09/2013,447755.6
pib,01/10/2013,475721.2
pib,01/11/2013,470316.2
pib,01/12/2013,467253.9
pib,01/01/2014,453273.2
pib,01/02/2014,455505.0
pib,01/03/2014,477202.9
pib,01/04/2014,479729.6
pib,01/05/2014,481273.3
pib,01/06/2014,461318.9
pib,01/07/2014,486873.2
pib,01/08/2014,483777.9
pib,01/09/2014,491474.3
pib,01/10/2014,509077.9
pib,01/11/2014,498547.5
pib,01/12/2014,500899.3
pib,01/01/2015,474529.8
pib,01/02/2015,466846.2
pib,01/03/2015,515282.6
pib,01/04/2015,496750.3
pib,01/05/2015,492007.2
pib,01/06/2015,491212.3
pib,01/07/2015,507224.4
pib,01/08/2015,501092.9
pib,01/09/2015,499911.0
pib,01/10/2015,520504.9
pib,01/11/2015,513593.7
pib,01/12/2015,516831.7
pib,01/01/2016,482312.4
pib,01/02/2016,490005.4
pib,01/03/2016,527981.1
pib,01/04/2016,520514.5
pib,01/05/2016,516225.3
pib,01/06/2016,522310.4
pib,01/07/2016,522244.2
pib,01/08/2016,530379.4
pib,01/09/2016,524546.8
pib,01/10/2016,539142.6
pib,01/11/2016,545369.3
pib,01/12/2016,548296.5
pib,01/01/2017,514606.7
pib,01/02/2017,510331.4
pib,01/03/2017,560735.3
pib,01/04/2017,537212.6
pib,01/05/2017,550228.4
pib,01/06/2017,543288.6
pib,01/07/2017,548546.4
pib,01/08/2017,556040.1
pib,01/09/2017,544048.8
pib,01/10/2017,568311.3
pib,01/11/2017,573531.3
pib,01/12/2017,578598.2
pib,01/01/2018,552909.3
pib,01/02/2018,539594.3
pib,01/03/2018,589579.6
pib,01/04/2018,586996.3
pib,01/05/2018,561996.7
pib,01/06/2018,585106.0
pib,01/07/2018,592655.3
pib,01/08/2018,598950.8
pib,01/09/2018,576249.6
pib,01/10/2018,611739.6
pib,01/11/2018,607006.6
pib,01/12/2018,601357.1
pib,01/01/2019,578633.9
pib,01/02/2019,576752.6
pib,01/03/2019,602167.0
pib,01/04/2019,613054.4
pib,01/05/2019,616084.6
pib,01/06/2019,597622.2
pib,01/07/2019,632358.3
pib,01/08/2019,630508.2
pib,01/09/2019,617743.7
pib,01/10/2019,648807.2
pib,01/11/2019,637204.1
pib,01/12/2019,638194.7
pib,01/01/2020,614606.3
pib,01/02/2020,618358.0
pib,01/03/2020,635130.3
pib,01/04/2020,568319.7
pib,01/05/2020,576520.7
pib,01/06/2020,607883.2
pib,01/07/2020,644344.5
pib,01/08/2020,637203.8
pib,01/09/2020,647775.1
pib,01/10/2020,673801.3
pib,01/11/2020,679288.9
pib,01/12/2020,706365.2
pib,01/01/2021,679409.4
pib,01/02/2021,707069.5
pib,01/03/2021,770191.2
pib,01/04/2021,737988.7
pib,01/05/2021,731115.9
pib,01/06/2021,734534.2
pib,01/07/2021,765786.9
pib,01/08/2021,767702.0
pib,01/09/2021,762362.1
pib,01/10/2021,772087.9
pib,01/11/2021,787850.1
pib,01/12/2021,796044.0
pib,01/01/2022,723260.5
pib,01/02/2022,753542.5
pib,01/03/2022,842725.1
pib,01/04/2022,832197.8
pib,01/05/2022,841737.2
pib,01/06/2022,843546.5
pib,01/07/2022,869411.0
pib,01/08/2022,873994.8
pib,01/09/2022,857776.1
pib,01/10/2022,880550.0
pib,01/11/2022,880387.4
pib,01/12/2022,880547.8
pib,01/01/2023,810841.1
pib,01/02/2023,830155.9
pib,01/03/2023,940021.0
pib,01/04/2023,909801.1
pib,01/05/2023,912193.2
pib,01/06/2023,905585.6
pib,01/07/2023,921529.8
pib,01/08/2023,932554.5
pib,01/09/2023,915361.1
pib,01/10/2023,952989.6
pib,01/11/2023,961495.8
pib,01/12/2023,950815.9
pib,01/01/2024,891626.6
pib,01/02/2024,903105.5
pib,01/03/2024,970100.6
pib,01/04/2024,992857.4
pib,01/05/2024,966064.2
pib,01/06/2024,975837.1
pib,01/07/2024,1018482.3
pib,01/08/2024,1003928.7
pib,01/09/2024,993525.0
pib,01/10/2024,1045166.2
pib,01/11/2024,1019172.0
pib,01/12/2024,999385.1
pib,01/01/2025,958031.8
pib,01/02/2025,994471.8
pib,01/03/2025,1072219.3
pib,01/04/2025,1087267.8
pib,01/05/2025,1062310.7
pib,01/06/2025,1050766.5
pib,01/07/2025,1094702.4
pib,01/08/2025,1065850.0
pib,01/09/2025,1075155.2
pib,01/10/2025,1110383.0
pib,01/11/2025,1083908.6
pib,01/12/2025,1083498.5
pib,01/01/2026,1022664.3
pib,01/02/2026,1042366.2
pib,01/03/2026,1158604.9
pib,01/04/2026,1143880.5
ipca,01/01/1980,6.62
ipca,01/02/1980,4.62
ipca,01/03/1980,6.04
ipca,01/04/1980,5.29
ipca,01/05/1980,5.7
ipca,01/06/1980,5.31
ipca,01/07/1980,5.55
ipca,01/08/1980,4.95
ipca,01/09/1980,4.23
ipca,01/10/1980,9.48
ipca,01/11/1980,6.67
ipca,01/12/1980,6.61
ipca,01/01/1981,6.84
ipca,01/02/1981,6.4
ipca,01/03/1981,4.97
ipca,01/04/1981,6.46
ipca,01/05/1981,5.56
ipca,01/06/1981,5.52
ipca,01/07/1981,6.26
ipca,01/08/1981,5.5
ipca,01/09/1981,5.26
ipca,01/10/1981,5.08
ipca,01/11/1981,5.27
ipca,01/12/1981,5.93
ipca,01/01/1982,6.97
ipca,01/02/1982,6.64
ipca,01/03/1982,5.71
ipca,01/04/1982,5.89
ipca,01/05/1982,6.66
ipca,01/06/1982,7.1
ipca,01/07/1982,6.36
ipca,01/08/1982,5.97
ipca,01/09/1982,5.08
ipca,01/10/1982,4.44
ipca,01/11/1982,5.29
ipca,01/12/1982,7.81
ipca,01/01/1983,8.64
ipca,01/02/1983,7.86
ipca,01/03/1983,7.34
ipca,01/04/1983,6.58
ipca,01/05/1983,6.48
ipca,01/06/1983,9.88
ipca,01/07/1983,10.08
ipca,01/08/1983,9.11
ipca,01/09/1983,10.3
ipca,01/10/1983,8.87
ipca,01/11/1983,7.38
ipca,01/12/1983,8.68
ipca,01/01/1984,9.67
ipca,01/02/1984,9.5
ipca,01/03/1984,8.94
ipca,01/04/1984,9.54
ipca,01/05/1984,9.05
ipca,01/06/1984,10.08
ipca,01/07/1984,9.72
ipca,01/08/1984,9.35
ipca,01/09/1984,11.75
ipca,01/10/1984,10.44
ipca,01/11/1984,10.53
ipca,01/12/1984,11.98
ipca,01/01/1985,11.76
ipca,01/02/1985,10.87
ipca,01/03/1985,10.16
ipca,01/04/1985,8.2
ipca,01/05/1985,7.2
ipca,01/06/1985,8.49
ipca,01/07/1985,10.31
ipca,01/08/1985,12.05
ipca,01/09/1985,11.12
ipca,01/10/1985,10.62
ipca,01/11/1985,13.97
ipca,01/12/1985,15.07
ipca,01/01/1986,14.37
ipca,01/02/1986,12.72
ipca,01/03/1986,4.77
ipca,01/04/1986,0.78
ipca,01/05/1986,1.4
ipca,01/06/1986,1.27
ipca,01/07/1986,1.71
ipca,01/08/1986,3.55
ipca,01/09/1986,1.72
ipca,01/10/1986,1.9
ipca,01/11/1986,5.45
ipca,01/12/1986,11.65
ipca,01/01/1987,13.21
ipca,01/02/1987,12.64
ipca,01/03/1987,16.37
ipca,01/04/1987,19.1
ipca,01/05/1987,21.45
ipca,01/06/1987,19.71
ipca,01/07/1987,9.21
ipca,01/08/1987,4.87
ipca,01/09/1987,7.78
ipca,01/10/1987,11.22
ipca,01/11/1987,15.08
ipca,01/12/1987,14.15
ipca,01/01/1988,18.89
ipca,01/02/1988,15.7
ipca,01/03/1988,17.6
ipca,01/04/1988,19.29
ipca,01/05/1988,17.42
ipca,01/06/1988,22.0
ipca,01/07/1988,21.91
ipca,01/08/1988,21.59
ipca,01/09/1988,27.45
ipca,01/10/1988,25.62
ipca,01/11/1988,27.94
ipca,01/12/1988,28.7
ipca,01/01/1989,37.49
ipca,01/02/1989,16.78
ipca,01/03/1989,6.82
ipca,01/04/1989,8.33
ipca,01/05/1989,17.92
ipca,01/06/1989,28.65
ipca,01/07/1989,27.74
ipca,01/08/1989,33.71
ipca,01/09/1989,37.56
ipca,01/10/1989,39.77
ipca,01/11/1989,47.82
ipca,01/12/1989,51.5
ipca,01/01/1990,67.55
ipca,01/02/1990,75.73
ipca,01/03/1990,82.39
ipca,01/04/1990,15.52
ipca,01/05/1990,7.59
ipca,01/06/1990,11.75
ipca,01/07/1990,12.92
ipca,01/08/1990,12.88
ipca,01/09/1990,14.41
ipca,01/10/1990,14.36
ipca,01/11/1990,16.81
ipca,01/12/1990,18.44
ipca,01/01/1991,20.75
ipca,01/02/1991,20.72
ipca,01/03/1991,11.92
ipca,01/04/1991,4.99
ipca,01/05/1991,7.43
ipca,01/06/1991,11.19
ipca,01/07/1991,12.41
ipca,01/08/1991,15.63
ipca,01/09/1991,15.63
ipca,01/10/1991,20.23
ipca,01/11/1991,25.21
ipca,01/12/1991,23.71
ipca,01/01/1992,25.94
ipca,01/02/1992,24.32
ipca,01/03/1992,21.4
ipca,01/04/1992,19.93
ipca,01/05/1992,24.86
ipca,01/06/1992,20.21
ipca,01/07/1992,21.83
ipca,01/08/1992,22.14
ipca,01/09/1992,24.63
ipca,01/10/1992,25.24
ipca,01/11/1992,22.49
ipca,01/12/1992,25.24
ipca,01/01/1993,30.35
ipca,01/02/1993,24.98
ipca,01/03/1993,27.26
ipca,01/04/1993,27.75
ipca,01/05/1993,27.69
ipca,01/06/1993,30.07
ipca,01/07/1993,30.72
ipca,01/08/1993,32.96
ipca,01/09/1993,35.69
ipca,01/10/1993,33.92
ipca,01/11/1993,35.56
ipca,01/12/1993,36.84
ipca,01/01/1994,41.31
ipca,01/02/1994,40.27
ipca,01/03/1994,42.75
ipca,01/04/1994,42.68
ipca,01/05/1994,44.03
ipca,01/06/1994,47.43
ipca,01/07/1994,6.84
ipca,01/08/1994,1.86
ipca,01/09/1994,1.53
ipca,01/10/1994,2.62
ipca,01/11/1994,2.81
ipca,01/12/1994,1.71
ipca,01/01/1995,1.7
ipca,01/02/1995,1.02
ipca,01/03/1995,1.55
ipca,01/04/1995,2.43
ipca,01/05/1995,2.67
ipca,01/06/1995,2.26
ipca,01/07/1995,2.36
ipca,01/08/1995,0.99
ipca,01/09/1995,0.99
ipca,01/10/1995,1.41
ipca,01/11/1995,1.47
ipca,01/12/1995,1.56
ipca,01/01/1996,1.34
ipca,01/02/1996,1.03
ipca,01/03/1996,0.35
ipca,01/04/1996,1.26
ipca,01/05/1996,1.22
ipca,01/06/1996,1.19
ipca,01/07/1996,1.11
ipca,01/08/1996,0.44
ipca,01/09/1996,0.15
ipca,01/10/1996,0.3
ipca,01/11/1996,0.32
ipca,01/12/1996,0.47
ipca,01/01/1997,1.18
ipca,01/02/1997,0.5
ipca,01/03/1997,0.51
ipca,01/04/1997,0.88
ipca,01/05/1997,0.41
ipca,01/06/1997,0.54
ipca,01/07/1997,0.22
ipca,01/08/1997,-0.02
ipca,01/09/1997,0.06
ipca,01/10/1997,0.23
ipca,01/11/1997,0.17
ipca,01/12/1997,0.43
ipca,01/01/1998,0.71
ipca,01/02/1998,0.46
ipca,01/03/1998,0.34
ipca,01/04/1998,0.24
ipca,01/05/1998,0.5
ipca,01/06/1998,0.02
ipca,01/07/1998,-0.12
ipca,01/08/1998,-0.51
ipca,01/09/1998,-0.22
ipca,01/10/1998,0.02
ipca,01/11/1998,-0.12
ipca,01/12/1998,0.33
ipca,01/01/1999,0.7
ipca,01/02/1999,1.05
ipca,01/03/1999,1.1
ipca,01/04/1999,0.56
ipca,01/05/1999,0.3
ipca,01/06/1999,0.19
ipca,01/07/1999,1.09
ipca,01/08/1999,0.56
ipca,01/09/1999,0.31
ipca,01/10/1999,1.19
ipca,01/11/1999,0.95
ipca,01/12/1999,0.6
ipca,01/01/2000,0.62
ipca,01/02/2000,0.13
ipca,01/03/2000,0.22
ipca,01/04/2000,0.42
ipca,01/05/2000,0.01
ipca,01/06/2000,0.23
ipca,01/07/2000,1.61
ipca,01/08/2000,1.31
ipca,01/09/2000,0.23
ipca,01/10/2000,0.14
ipca,01/11/2000,0.32
ipca,01/12/2000,0.59
ipca,01/01/2001,0.57
ipca,01/02/2001,0.46
ipca,01/03/2001,0.38
ipca,01/04/2001,0.58
ipca,01/05/2001,0.41
ipca,01/06/2001,0.52
ipca,01/07/2001,1.33
ipca,01/08/2001,0.7
ipca,01/09/2001,0.28
ipca,01/10/2001,0.83
ipca,01/11/2001,0.71
ipca,01/12/2001,0.65
ipca,01/01/2002,0.52
ipca,01/02/2002,0.36
ipca,01/03/2002,0.6
ipca,01/04/2002,0.8
ipca,01/05/2002,0.21
ipca,01/06/2002,0.42
ipca,01/07/2002,1.19
ipca,01/08/2002,0.65
ipca,01/09/2002,0.72
ipca,01/10/2002,1.31
ipca,01/11/2002,3.02
ipca,01/12/2002,2.1
ipca,01/01/2003,2.25
ipca,01/02/2003,1.57
ipca,01/03/2003,1.23
ipca,01/04/2003,0.97
ipca,01/05/2003,0.61
ipca,01/06/2003,-0.15
ipca,01/07/2003,0.2
ipca,01/08/2003,0.34
ipca,01/09/2003,0.78
ipca,01/10/2003,0.29
ipca,01/11/2003,0.34
ipca,01/12/2003,0.52
ipca,01/01/2004,0.76
ipca,01/02/2004,0.61
ipca,01/03/2004,0.47
ipca,01/04/2004,0.37
ipca,01/05/2004,0.51
ipca,01/06/2004,0.71
ipca,01/07/2004,0.91
ipca,01/08/2004,0.69
ipca,01/09/2004,0.33
ipca,01/10/2004,0.44
ipca,01/11/2004,0.69
ipca,01/12/2004,0.86
ipca,01/01/2005,0.58
ipca,01/02/2005,0.59
ipca,01/03/2005,0.61
ipca,01/04/2005,0.87
ipca,01/05/2005,0.49
ipca,01/06/2005,-0.02
ipca,01/07/2005,0.25
ipca,01/08/2005,0.17
ipca,01/09/2005,0.35
ipca,01/10/2005,0.75
ipca,01/11/2005,0.55
ipca,01/12/2005,0.36
ipca,01/01/2006,0.59
ipca,01/02/2006,0.41
ipca,01/03/2006,0.43
ipca,01/04/2006,0.21
ipca,01/05/2006,0.1
ipca,01/06/2006,-0.21
ipca,01/07/2006,0.19
ipca,01/08/2006,0.05
ipca,01/09/2006,0.21
ipca,01/10/2006,0.33
ipca,01/11/2006,0.31
ipca,01/12/2006,0.48
ipca,01/01/2007,0.44
ipca,01/02/2007,0.44
ipca,01/03/2007,0.37
ipca,01/04/2007,0.25
ipca,01/05/2007,0.28
ipca,01/06/2007,0.28
ipca,01/07/2007,0.24
ipca,01/08/2007,0.47
ipca,01/09/2007,0.18
ipca,01/10/2007,0.3
ipca,01/11/2007,0.38
ipca,01/12/2007,0.74
ipca,01/01/2008,0.54
ipca,01/02/2008,0.49
ipca,01/03/2008,0.48
ipca,01/04/2008,0.55
ipca,01/05/2008,0.79
ipca,01/06/2008,0.74
ipca,01/07/2008,0.53
ipca,01/08/2008,0.28
ipca,01/09/2008,0.26
ipca,01/10/2008,0.45
ipca,01/11/2008,0.36
ipca,01/12/2008,0.28
ipca,01/01/2009,0.48
ipca,01/02/2009,0.55
ipca,01/03/2009,0.2
ipca,01/04/2009,0.48
ipca,01/05/2009,0.47
ipca,01/06/2009,0.36
ipca,01/07/2009,0.24
ipca,01/08/2009,0.15
ipca,01/09/2009,0.24
ipca,01/10/2009,0.28
ipca,01/11/2009,0.41
ipca,01/12/2009,0.37
ipca,01/01/2010,0.75
ipca,01/02/2010,0.78
ipca,01/03/2010,0.52
ipca,01/04/2010,0.57
ipca,01/05/2010,0.43
ipca,01/06/2010,0.0
ipca,01/07/2010,0.01
ipca,01/08/2010,0.04
ipca,01/09/2010,0.45
ipca,01/10/2010,0.75
ipca,01/11/2010,0.83
ipca,01/12/2010,0.63
ipca,01/01/2011,0.83
ipca,01/02/2011,0.8
ipca,01/03/2011,0.79
ipca,01/04/2011,0.77
ipca,01/05/2011,0.47
ipca,01/06/2011,0.15
ipca,01/07/2011,0.16
ipca,01/08/2011,0.37
ipca,01/09/2011,0.53
ipca,01/10/2011,0.43
ipca,01/11/2011,0.52
ipca,01/12/2011,0.5
ipca,01/01/2012,0.56
ipca,01/02/2012,0.45
ipca,01/03/2012,0.21
ipca,01/04/2012,0.64
ipca,01/05/2012,0.36
ipca,01/06/2012,0.08
ipca,01/07/2012,0.43
ipca,01/08/2012,0.41
ipca,01/09/2012,0.57
ipca,01/10/2012,0.59
ipca,01/11/2012,0.6
ipca,01/12/2012,0.79
ipca,01/01/2013,0.86
ipca,01/02/2013,0.6
ipca,01/03/2013,0.47
ipca,01/04/2013,0.55
ipca,01/05/2013,0.37
ipca,01/06/2013,0.26
ipca,01/07/2013,0.03
ipca,01/08/2013,0.24
ipca,01/09/2013,0.35
ipca,01/10/2013,0.57
ipca,01/11/2013,0.54
ipca,01/12/2013,0.92
ipca,01/01/2014,0.55
ipca,01/02/2014,0.69
ipca,01/03/2014,0.92
ipca,01/04/2014,0.67
ipca,01/05/2014,0.46
ipca,01/06/2014,0.4
ipca,01/07/2014,0.01
ipca,01/08/2014,0.25
ipca,01/09/2014,0.57
ipca,01/10/2014,0.42
ipca,01/11/2014,0.51
ipca,01/12/2014,0.78
ipca,01/01/2015,1.24
ipca,01/02/2015,1.22
ipca,01/03/2015,1.32
ipca,01/04/2015,0.71
ipca,01/05/2015,0.74
ipca,01/06/2015,0.79
ipca,01/07/2015,0.62
ipca,01/08/2015,0.22
ipca,01/09/2015,0.54
ipca,01/10/2015,0.82
ipca,01/11/2015,1.01
ipca,01/12/2015,0.96
ipca,01/01/2016,1.27
ipca,01/02/2016,0.9
ipca,01/03/2016,0.43
ipca,01/04/2016,0.61
ipca,01/05/2016,0.78
ipca,01/06/2016,0.35
ipca,01/07/2016,0.52
ipca,01/08/2016,0.44
ipca,01/09/2016,0.08
ipca,01/10/2016,0.26
ipca,01/11/2016,0.18
ipca,01/12/2016,0.3
ipca,01/01/2017,0.38
ipca,01/02/2017,0.33
ipca,01/03/2017,0.25
ipca,01/04/2017,0.14
ipca,01/05/2017,0.31
ipca,01/06/2017,-0.23
ipca,01/07/2017,0.24
ipca,01/08/2017,0.19
ipca,01/09/2017,0.16
ipca,01/10/2017,0.42
ipca,01/11/2017,0.28
ipca,01/12/2017,0.44
ipca,01/01/2018,0.29
ipca,01/02/2018,0.32
ipca,01/03/2018,0.09
ipca,01/04/2018,0.22
ipca,01/05/2018,0.4
ipca,01/06/2018,1.26
ipca,01/07/2018,0.33
ipca,01/08/2018,-0.09
ipca,01/09/2018,0.48
ipca,01/10/2018,0.45
ipca,01/11/2018,-0.21
ipca,01/12/2018,0.15
ipca,01/01/2019,0.32
ipca,01/02/2019,0.43
ipca,01/03/2019,0.75
ipca,01/04/2019,0.57
ipca,01/05/2019,0.13
ipca,01/06/2019,0.01
ipca,01/07/2019,0.19
ipca,01/08/2019,0.11
ipca,01/09/2019,-0.04
ipca,01/10/2019,0.1
ipca,01/11/2019,0.51
ipca,01/12/2019,1.15
ipca,01/01/2020,0.21
ipca,01/02/2020,0.25
ipca,01/03/2020,0.07
ipca,01/04/2020,-0.31
ipca,01/05/2020,-0.38
ipca,01/06/2020,0.26
ipca,01/07/2020,0.36
ipca,01/08/2020,0.24
ipca,01/09/2020,0.64
ipca,01/10/2020,0.86
ipca,01/11/2020,0.89
ipca,01/12/2020,1.35
ipca,01/01/2021,0.25
ipca,01/02/2021,0.86
ipca,01/03/2021,0.93
ipca,01/04/2021,0.31
ipca,01/05/2021,0.83
ipca,01/06/2021,0.53
ipca,01/07/2021,0.96
ipca,01/08/2021,0.87
ipca,01/09/2021,1.16
ipca,01/10/2021,1.25
ipca,01/11/2021,0.95
ipca,01/12/2021,0.73
ipca,01/01/2022,0.54
ipca,01/02/2022,1.01
ipca,01/03/2022,1.62
ipca,01/04/2022,1.06
ipca,01/05/2022,0.47
ipca,01/06/2022,0.67
ipca,01/07/2022,-0.68
ipca,01/08/2022,-0.36
ipca,01/09/2022,-0.29
ipca,01/10/2022,0.59
ipca,01/11/2022,0.41
ipca,01/12/2022,0.62
ipca,01/01/2023,0.53
ipca,01/02/2023,0.84
ipca,01/03/2023,0.71
ipca,01/04/2023,0.61
ipca,01/05/2023,0.23
ipca,01/06/2023,-0.08
ipca,01/07/2023,0.12
ipca,01/08/2023,0.23
ipca,01/09/2023,0.26
ipca,01/10/2023,0.24
ipca,01/11/2023,0.28
ipca,01/12/2023,0.56
ipca,01/01/2024,0.42
ipca,01/02/2024,0.83
ipca,01/03/2024,0.16
ipca,01/04/2024,0.38
ipca,01/05/2024,0.46
ipca,01/06/2024,0.21
ipca,01/07/2024,0.38
ipca,01/08/2024,-0.02
ipca,01/09/2024,0.44
ipca,01/10/2024,0.56
ipca,01/11/2024,0.39
ipca,01/12/2024,0.52
ipca,01/01/2025,0.16
ipca,01/02/2025,1.31
ipca,01/03/2025,0.56
ipca,01/04/2025,0.43
ipca,01/05/2025,0.26
ipca,01/06/2025,0.24
ipca,01/07/2025,0.26
ipca,01/08/2025,-0.11
ipca,01/09/2025,0.48
ipca,01/10/2025,0.09
ipca,01/11/2025,0.18
ipca,01/12/2025,0.33
ipca,01/01/2026,0.33
ipca,01/02/2026,0.7
ipca,01/03/2026,0.88
ipca,01/04/2026,0.67
ingreso_real,01/01/1992,21078659.0
ingreso_real,01/02/1992,21001106.0
ingreso_real,01/03/1992,20921788.0
ingreso_real,01/04/1992,20858613.0
ingreso_real,01/05/1992,20880146.0
ingreso_real,01/06/1992,20876408.0
ingreso_real,01/07/1992,20848259.0
ingreso_real,01/08/1992,20812021.0
ingreso_real,01/09/1992,20816137.0
ingreso_real,01/10/1992,20768285.0
ingreso_real,01/11/1992,20716520.0
ingreso_real,01/12/1992,20452532.0
ingreso_real,01/01/1993,20486189.0
ingreso_real,01/02/1993,20489120.0
ingreso_real,01/03/1993,20522623.0
ingreso_real,01/04/1993,20549965.0
ingreso_real,01/05/1993,20704766.0
ingreso_real,01/06/1993,20759206.0
ingreso_real,01/07/1993,20776587.0
ingreso_real,01/08/1993,20784502.0
ingreso_real,01/09/1993,20805008.0
ingreso_real,01/10/1993,20814597.0
ingreso_real,01/11/1993,20775062.0
ingreso_real,01/12/1993,20543949.0
ingreso_real,01/01/1994,20577493.0
ingreso_real,01/02/1994,20566682.0
ingreso_real,01/03/1994,20615677.0
ingreso_real,01/04/1994,20687873.0
ingreso_real,01/05/1994,20780586.0
ingreso_real,01/06/1994,20858734.0
ingreso_real,01/07/1994,20867881.0
ingreso_real,01/08/1994,20880729.0
ingreso_real,01/09/1994,20952819.0
ingreso_real,01/10/1994,21010028.0
ingreso_real,01/11/1994,21012405.0
ingreso_real,01/12/1994,20845875.0
ingreso_real,01/01/1995,20835085.0
ingreso_real,01/02/1995,20904759.0
ingreso_real,01/03/1995,20934396.0
ingreso_real,01/04/1995,21022465.0
ingreso_real,01/05/1995,21114668.0
ingreso_real,01/06/1995,21124164.0
ingreso_real,01/07/1995,21059947.0
ingreso_real,01/08/1995,20943091.0
ingreso_real,01/09/1995,20875849.0
ingreso_real,01/10/1995,20832068.0
ingreso_real,01/11/1995,20758864.0
ingreso_real,01/12/1995,20716536.0
ingreso_real,01/01/1996,20654425.0
ingreso_real,01/02/1996,20626936.0
ingreso_real,01/03/1996,20591024.0
ingreso_real,01/04/1996,20652073.0
ingreso_real,01/05/1996,20759304.0
ingreso_real,01/06/1996,20812321.0
ingreso_real,01/07/1996,20821431.0
ingreso_real,01/08/1996,20809257.0
ingreso_real,01/09/1996,20830609.0
ingreso_real,01/10/1996,20790784.0
ingreso_real,01/11/1996,20725451.0
ingreso_real,01/12/1996,20445238.0
ingreso_real,01/01/1997,20402124.0
ingreso_real,01/02/1997,20408486.0
ingreso_real,01/03/1997,20467368.0
ingreso_real,01/04/1997,20558527.0
ingreso_real,01/05/1997,20687481.0
ingreso_real,01/06/1997,20767411.0
ingreso_real,01/07/1997,20759910.0
ingreso_real,01/08/1997,20763660.0
ingreso_real,01/09/1997,20802831.0
ingreso_real,01/10/1997,20810800.0
ingreso_real,01/11/1997,20745153.0
ingreso_real,01/12/1997,20409507.0
ingreso_real,01/01/1998,20324187.0
ingreso_real,01/02/1998,20302060.0
ingreso_real,01/03/1998,20291347.0
ingreso_real,01/04/1998,20366992.0
ingreso_real,01/05/1998,20452363.0
ingreso_real,01/06/1998,20470460.0
ingreso_real,01/07/1998,20449006.0
ingreso_real,01/08/1998,20471219.0
ingreso_real,01/09/1998,20448017.0
ingreso_real,01/10/1998,20383924.0
ingreso_real,01/11/1998,20265512.0
ingreso_real,01/12/1998,19827754.0
ingreso_real,01/01/1999,19786543.0
ingreso_real,01/02/1999,19708513.0
ingreso_real,01/03/1999,19632201.0
ingreso_real,01/04/1999,19689744.0
ingreso_real,01/05/1999,19786926.0
ingreso_real,01/06/1999,19845035.0
ingreso_real,01/07/1999,19853092.0
ingreso_real,01/08/1999,19866398.0
ingreso_real,01/09/1999,19873605.0
ingreso_real,01/10/1999,19891044.0
ingreso_real,01/11/1999,19874874.0
ingreso_real,01/12/1999,19631753.0
ingreso_real,01/01/2000,19662951.0
ingreso_real,01/02/2000,19751126.0
ingreso_real,01/03/2000,19791073.0
ingreso_real,01/04/2000,19916144.0
ingreso_real,01/05/2000,20078981.0
ingreso_real,01/06/2000,20221865.0
ingreso_real,01/07/2000,20327707.0
ingreso_real,01/08/2000,20406552.0
ingreso_real,01/09/2000,20499230.0
ingreso_real,01/10/2000,20514672.0
ingreso_real,01/11/2000,20515138.0
ingreso_real,01/12/2000,20289349.0
ingreso_real,01/01/2001,20338145.0
ingreso_real,01/02/2001,20418388.0
ingreso_real,01/03/2001,20452872.0
ingreso_real,01/04/2001,20592869.0
ingreso_real,01/05/2001,20754767.0
ingreso_real,01/06/2001,20863338.0
ingreso_real,01/07/2001,20934724.0
ingreso_real,01/08/2001,20982051.0
ingreso_real,01/09/2001,21062079.0
ingreso_real,01/10/2001,21139266.0
ingreso_real,01/11/2001,21134351.0
ingreso_real,01/12/2001,20880428.0
ingreso_real,01/01/2002,20924656.0
ingreso_real,01/02/2002,21006669.0
ingreso_real,01/03/2002,21096929.0
ingreso_real,01/04/2002,21272019.0
ingreso_real,01/05/2002,21427832.0
ingreso_real,01/06/2002,21561178.0
ingreso_real,01/07/2002,21622405.0
ingreso_real,01/08/2002,21700427.0
ingreso_real,01/09/2002,21867739.0
ingreso_real,01/10/2002,21904107.0
ingreso_real,01/11/2002,21892356.0
ingreso_real,01/12/2002,21642842.0
ingreso_real,01/01/2003,21678327.0
ingreso_real,01/02/2003,21762356.0
ingreso_real,01/03/2003,21783617.0
ingreso_real,01/04/2003,21937641.0
ingreso_real,01/05/2003,22077954.0
ingreso_real,01/06/2003,22203749.0
ingreso_real,01/07/2003,22240982.0
ingreso_real,01/08/2003,22320754.0
ingreso_real,01/09/2003,22482519.0
ingreso_real,01/10/2003,22553389.0
ingreso_real,01/11/2003,22588193.0
ingreso_real,01/12/2003,22288275.0
ingreso_real,01/01/2004,22416372.0
ingreso_real,01/02/2004,22581448.0
ingreso_real,01/03/2004,22708367.0
ingreso_real,01/04/2004,22918883.0
ingreso_real,01/05/2004,23240480.0
ingreso_real,01/06/2004,23476432.0
ingreso_real,01/07/2004,23709686.0
ingreso_real,01/08/2004,23964709.0
ingreso_real,01/09/2004,24201645.0
ingreso_real,01/10/2004,24351222.0
ingreso_real,01/11/2004,24446649.0
ingreso_real,01/12/2004,24084810.0
ingreso_real,01/01/2005,24235866.0
ingreso_real,01/02/2005,24335175.0
ingreso_real,01/03/2005,24465455.0
ingreso_real,01/04/2005,24769265.0
ingreso_real,01/05/2005,25016628.0
ingreso_real,01/06/2005,25240337.0
ingreso_real,01/07/2005,25385204.0
ingreso_real,01/08/2005,25544930.0
ingreso_real,01/09/2005,25774587.0
ingreso_real,01/10/2005,25909012.0
ingreso_real,01/11/2005,25937537.0
ingreso_real,01/12/2005,25646343.0
ingreso_real,01/01/2006,25764782.0
ingreso_real,01/02/2006,25974224.0
ingreso_real,01/03/2006,26078530.0
ingreso_real,01/04/2006,26351193.0
ingreso_real,01/05/2006,26585585.0
ingreso_real,01/06/2006,26772986.0
ingreso_real,01/07/2006,26956754.0
ingreso_real,01/08/2006,27114956.0
ingreso_real,01/09/2006,27324648.0
ingreso_real,01/10/2006,27471726.0
ingreso_real,01/11/2006,27519327.0
ingreso_real,01/12/2006,27195945.0
ingreso_real,01/01/2007,27336620.0
ingreso_real,01/02/2007,27512355.0
ingreso_real,01/03/2007,27684112.0
ingreso_real,01/04/2007,28024438.0
ingreso_real,01/05/2007,28269232.0
ingreso_real,01/06/2007,28478574.0
ingreso_real,01/07/2007,28634436.0
ingreso_real,01/08/2007,28798958.0
ingreso_real,01/09/2007,29091042.0
ingreso_real,01/10/2007,29323874.0
ingreso_real,01/11/2007,29467691.0
ingreso_real,01/12/2007,29138995.0
ingreso_real,01/01/2008,29315867.0
ingreso_real,01/02/2008,29550155.0
ingreso_real,01/03/2008,29777280.0
ingreso_real,01/04/2008,30103151.0
ingreso_real,01/05/2008,30331335.0
ingreso_real,01/06/2008,30676303.0
ingreso_real,01/07/2008,30908700.0
ingreso_real,01/08/2008,31177518.0
ingreso_real,01/09/2008,31488523.0
ingreso_real,01/10/2008,31569020.0
ingreso_real,01/11/2008,31541646.0
ingreso_real,01/12/2008,30846285.0
ingreso_real,01/01/2009,30779208.0
ingreso_real,01/02/2009,30827015.0
ingreso_real,01/03/2009,30895878.0
ingreso_real,01/04/2009,31036984.0
ingreso_real,01/05/2009,31205892.0
ingreso_real,01/06/2009,31357270.0
ingreso_real,01/07/2009,31530969.0
ingreso_real,01/08/2009,31812385.0
ingreso_real,01/09/2009,32112491.0
ingreso_real,01/10/2009,32388613.0
ingreso_real,01/11/2009,32670455.0
ingreso_real,01/12/2009,32244130.0
ingreso_real,01/01/2010,32484270.0
ingreso_real,01/02/2010,32742745.0
ingreso_real,01/03/2010,33065255.0
ingreso_real,01/04/2010,33414616.0
ingreso_real,01/05/2010,33764346.0
ingreso_real,01/06/2010,34021322.0
ingreso_real,01/07/2010,34241447.0
ingreso_real,01/08/2010,34599231.0
ingreso_real,01/09/2010,34894863.0
ingreso_real,01/10/2010,35136799.0
ingreso_real,01/11/2010,35293830.0
ingreso_real,01/12/2010,34873957.0
ingreso_real,01/01/2011,35076165.0
ingreso_real,01/02/2011,35423235.0
ingreso_real,01/03/2011,35549341.0
ingreso_real,01/04/2011,35866784.0
ingreso_real,01/05/2011,36155533.0
ingreso_real,01/06/2011,36410951.0
ingreso_real,01/07/2011,36588233.0
ingreso_real,01/08/2011,36818852.0
ingreso_real,01/09/2011,37070157.0
ingreso_real,01/10/2011,37230285.0
ingreso_real,01/11/2011,37302952.0
ingreso_real,01/12/2011,36900564.0
ingreso_real,01/01/2012,37081194.0
ingreso_real,01/02/2012,37281573.0
ingreso_real,01/03/2012,37447465.0
ingreso_real,01/04/2012,37711075.0
ingreso_real,01/05/2012,37906849.0
ingreso_real,01/06/2012,38070076.0
ingreso_real,01/07/2012,38254072.0
ingreso_real,01/08/2012,38407560.0
ingreso_real,01/09/2012,38609899.0
ingreso_real,01/10/2012,38700042.0
ingreso_real,01/11/2012,38776199.0
ingreso_real,01/12/2012,38273158.0
ingreso_real,01/01/2013,38348772.0
ingreso_real,01/02/2013,38517620.0
ingreso_real,01/03/2013,38700638.0
ingreso_real,01/04/2013,38956863.0
ingreso_real,01/05/2013,39068087.0
ingreso_real,01/06/2013,39226156.0
ingreso_real,01/07/2013,39299373.0
ingreso_real,01/08/2013,39461533.0
ingreso_real,01/09/2013,39719201.0
ingreso_real,01/10/2013,39850066.0
ingreso_real,01/11/2013,39919427.0
ingreso_real,01/12/2013,39411720.0
ingreso_real,01/01/2014,39474958.0
ingreso_real,01/02/2014,39776352.0
ingreso_real,01/03/2014,39811457.0
ingreso_real,01/04/2014,39944172.0
ingreso_real,01/05/2014,40030844.0
ingreso_real,01/06/2014,40081417.0
ingreso_real,01/07/2014,40112600.0
ingreso_real,01/08/2014,40243504.0
ingreso_real,01/09/2014,40412330.0
ingreso_real,01/10/2014,40395298.0
ingreso_real,01/11/2014,40414646.0
ingreso_real,01/12/2014,39832410.0
ingreso_real,01/01/2015,39770585.0
ingreso_real,01/02/2015,39783758.0
ingreso_real,01/03/2015,39819823.0
ingreso_real,01/04/2015,39735042.0
ingreso_real,01/05/2015,39625678.0
ingreso_real,01/06/2015,39526816.0
ingreso_real,01/07/2015,39377459.0
ingreso_real,01/08/2015,39300139.0
ingreso_real,01/09/2015,39212384.0
ingreso_real,01/10/2015,39045716.0
ingreso_real,01/11/2015,38911814.0
ingreso_real,01/12/2015,38297421.0
ingreso_real,01/01/2016,38205148.0
ingreso_real,01/02/2016,38108814.0
ingreso_real,01/03/2016,37994292.0
ingreso_real,01/04/2016,37938470.0
ingreso_real,01/05/2016,37872084.0
ingreso_real,01/06/2016,37784364.0
ingreso_real,01/07/2016,37700124.0
ingreso_real,01/08/2016,37678038.0
ingreso_real,01/09/2016,37645769.0
ingreso_real,01/10/2016,37567004.0
ingreso_real,01/11/2016,37448970.0
ingreso_real,01/12/2016,36970863.0
ingreso_real,01/01/2017,36939788.0
ingreso_real,01/02/2017,36989417.0
ingreso_real,01/03/2017,36931823.0
ingreso_real,01/04/2017,37006205.0
ingreso_real,01/05/2017,37051049.0
ingreso_real,01/06/2017,37067900.0
ingreso_real,01/07/2017,37118681.0
ingreso_real,01/08/2017,37168123.0
ingreso_real,01/09/2017,37217406.0
ingreso_real,01/10/2017,37304331.0
ingreso_real,01/11/2017,37299530.0
ingreso_real,01/12/2017,36958899.0
ingreso_real,01/01/2018,37049966.0
ingreso_real,01/02/2018,37126997.0
ingreso_real,01/03/2018,37202115.0
ingreso_real,01/04/2018,37333575.0
ingreso_real,01/05/2018,37376637.0
ingreso_real,01/06/2018,37385034.0
ingreso_real,01/07/2018,37443179.0
ingreso_real,01/08/2018,37566923.0
ingreso_real,01/09/2018,37717929.0
ingreso_real,01/10/2018,37784534.0
ingreso_real,01/11/2018,37847702.0
ingreso_real,01/12/2018,37505344.0
ingreso_real,01/01/2019,37550010.0
ingreso_real,01/02/2019,37742513.0
ingreso_real,01/03/2019,37703901.0
ingreso_real,01/04/2019,37840285.0
ingreso_real,01/05/2019,37880959.0
ingreso_real,01/06/2019,37940489.0
ingreso_real,01/07/2019,37992114.0
ingreso_real,01/08/2019,38119945.0
ingreso_real,01/09/2019,38281979.0
ingreso_real,01/10/2019,38356137.0
ingreso_real,01/11/2019,38456734.0
ingreso_real,01/12/2019,38149423.0
ingreso_real,01/01/2020,38263707.0
ingreso_real,01/02/2020,38485821.0
ingreso_real,01/03/2020,38128205.0
ingreso_real,01/04/2020,37146863.0
ingreso_real,01/05/2020,36748630.0
ingreso_real,01/06/2020,36695249.0
ingreso_real,01/07/2020,36803752.0
ingreso_real,01/08/2020,37018363.0
ingreso_real,01/09/2020,37318073.0
ingreso_real,01/10/2020,37684075.0
ingreso_real,01/11/2020,38060481.0
ingreso_real,01/12/2020,37904226.0
ingreso_real,01/01/2021,38158725.0
ingreso_real,01/02/2021,38556576.0
ingreso_real,01/03/2021,38710806.0
ingreso_real,01/04/2021,38801089.0
ingreso_real,01/05/2021,39067757.0
ingreso_real,01/06/2021,39385903.0
ingreso_real,01/07/2021,39692915.0
ingreso_real,01/08/2021,40080751.0
ingreso_real,01/09/2021,40410892.0
ingreso_real,01/10/2021,40663770.0
ingreso_real,01/11/2021,40977906.0
ingreso_real,01/12/2021,40686574.0
ingreso_real,01/01/2022,40854004.0
ingreso_real,01/02/2022,41207478.0
ingreso_real,01/03/2022,41306636.0
ingreso_real,01/04/2022,41512136.0
ingreso_real,01/05/2022,41789890.0
ingreso_real,01/06/2022,42075145.0
ingreso_real,01/07/2022,42300523.0
ingreso_real,01/08/2022,42589398.0
ingreso_real,01/09/2022,42867954.0
ingreso_real,01/10/2022,43028425.0
ingreso_real,01/11/2022,43156397.0
ingreso_real,01/12/2022,42701640.0
ingreso_real,01/01/2023,42791749.0
ingreso_real,01/02/2023,43044210.0
ingreso_real,01/03/2023,43239242.0
ingreso_real,01/04/2023,43421214.0
ingreso_real,01/05/2023,43577427.0
ingreso_real,01/06/2023,43733236.0
ingreso_real,01/07/2023,43875601.0
ingreso_real,01/08/2023,44095523.0
ingreso_real,01/09/2023,44300330.0
ingreso_real,01/10/2023,44487548.0
ingreso_real,01/11/2023,44609083.0
ingreso_real,01/12/2023,44157453.0
ingreso_real,01/01/2024,44330697.0
ingreso_real,01/02/2024,44638528.0
ingreso_real,01/03/2024,44884155.0
ingreso_real,01/04/2024,45124465.0
ingreso_real,01/05/2024,45264249.0
ingreso_real,01/06/2024,45470826.0
ingreso_real,01/07/2024,45662564.0
ingreso_real,01/08/2024,45901895.0
ingreso_real,01/09/2024,46154151.0
ingreso_real,01/10/2024,46285661.0
ingreso_real,01/11/2024,46391853.0
ingreso_real,01/12/2024,45836738.0
ingreso_real,01/01/2025,45991555.0
ingreso_real,01/02/2025,46432217.0
ingreso_real,01/03/2025,46512349.0
ingreso_real,01/04/2025,46750565.0
ingreso_real,01/05/2025,46903529.0
ingreso_real,01/06/2025,47065331.0
ingreso_real,01/07/2025,47199464.0
ingreso_real,01/08/2025,47352023.0
ingreso_real,01/09/2025,47566054.0
ingreso_real,01/10/2025,47659605.0
ingreso_real,01/11/2025,47742561.0
ingreso_real,01/12/2025,47110663.0
ingreso_real,01/01/2026,47227874.0
ingreso_real,01/02/2026,47496563.0
ingreso_real,01/03/2026,47724537.0
ingreso_real,01/04/2026,47810425.0
confianza,01/08/1986,2.57
confianza,01/09/1986,2.94
confianza,01/10/1986,1.96
confianza,01/11/1986,2.37
confianza,01/12/1986,5.47
confianza,01/01/1987,11.0
confianza,01/02/1987,19.61
confianza,01/03/1987,11.95
confianza,01/04/1987,15.3
confianza,01/05/1987,24.63
confianza,01/06/1987,18.02
confianza,01/07/1987,8.91
confianza,01/08/1987,8.09
confianza,01/09/1987,7.99
confianza,01/10/1987,9.45
confianza,01/11/1987,12.92
confianza,01/12/1987,14.38
confianza,01/01/1988,16.78
confianza,01/02/1988,18.35
confianza,01/03/1988,16.59
confianza,01/04/1988,20.25
confianza,01/05/1988,18.65
confianza,01/06/1988,20.17
confianza,01/07/1988,24.69
confianza,01/08/1988,22.63
confianza,01/09/1988,26.25
confianza,01/10/1988,29.79
confianza,01/11/1988,28.41
confianza,01/12/1988,30.24
confianza,01/01/1989,22.97
confianza,01/02/1989,18.95
confianza,01/03/1989,20.41
confianza,01/04/1989,11.52
confianza,01/05/1989,11.43
confianza,01/06/1989,27.29
confianza,01/07/1989,33.15
confianza,01/08/1989,35.49
confianza,01/09/1989,38.58
confianza,01/10/1989,47.7
confianza,01/11/1989,48.41
confianza,01/12/1989,64.21
confianza,01/01/1990,67.6
confianza,01/02/1990,82.04
confianza,01/03/1990,36.76
confianza,01/04/1990,4.23
confianza,01/05/1990,5.69
confianza,01/06/1990,8.73
confianza,01/07/1990,13.79
confianza,01/08/1990,11.53
confianza,01/09/1990,15.21
confianza,01/10/1990,16.49
confianza,01/11/1990,19.83
confianza,01/12/1990,22.86
confianza,01/01/1991,21.02
confianza,01/02/1991,6.85
confianza,01/03/1991,8.99
confianza,01/04/1991,9.67
confianza,01/05/1991,9.56
confianza,01/06/1991,10.32
confianza,01/07/1991,12.39
confianza,01/08/1991,15.75
confianza,01/09/1991,19.78
confianza,01/10/1991,25.95
confianza,01/11/1991,32.43
confianza,01/12/1991,31.17
confianza,01/01/1992,29.06
confianza,01/02/1992,28.76
confianza,01/03/1992,26.86
confianza,01/04/1992,23.92
confianza,01/05/1992,23.0
confianza,01/06/1992,24.28
confianza,01/07/1992,26.21
confianza,01/08/1992,25.65
confianza,01/09/1992,27.66
confianza,01/10/1992,28.18
confianza,01/11/1992,26.4
confianza,01/12/1992,25.92
confianza,01/01/1993,28.52
confianza,01/02/1993,28.9
confianza,01/03/1993,28.36
confianza,01/04/1993,30.53
confianza,01/05/1993,30.9
confianza,01/06/1993,31.91
confianza,01/07/1993,32.73
confianza,01/08/1993,34.64
confianza,01/09/1993,37.23
confianza,01/10/1993,38.4
confianza,01/11/1993,38.38
confianza,01/12/1993,40.38
confianza,01/01/1994,42.76
confianza,01/02/1994,41.99
confianza,01/03/1994,46.42
confianza,01/04/1994,46.49
confianza,01/05/1994,47.95
confianza,01/06/1994,50.62
confianza,01/07/1994,6.87
confianza,01/08/1994,4.17
confianza,01/09/1994,3.83
confianza,01/10/1994,3.62
confianza,01/11/1994,4.07
confianza,01/12/1994,3.8
confianza,01/01/1995,3.37
confianza,01/02/1995,3.25
confianza,01/03/1995,4.26
confianza,01/04/1995,4.26
confianza,01/05/1995,4.25
confianza,01/06/1995,4.04
confianza,01/07/1995,4.02
confianza,01/08/1995,3.84
confianza,01/09/1995,3.32
confianza,01/10/1995,3.09
confianza,01/11/1995,2.88
confianza,01/12/1995,2.78
confianza,01/01/1996,2.58
confianza,01/02/1996,2.35
confianza,01/03/1996,2.22
confianza,01/04/1996,2.07
confianza,01/05/1996,2.01
confianza,01/06/1996,1.98
confianza,01/07/1996,1.93
confianza,01/08/1996,1.97
confianza,01/09/1996,1.9
confianza,01/10/1996,1.86
confianza,01/11/1996,1.8
confianza,01/12/1996,1.8
confianza,01/01/1997,1.73
confianza,01/02/1997,1.67
confianza,01/03/1997,1.64
confianza,01/04/1997,1.66
confianza,01/05/1997,1.58
confianza,01/06/1997,1.61
confianza,01/07/1997,1.6
confianza,01/08/1997,1.59
confianza,01/09/1997,1.59
confianza,01/10/1997,1.67
confianza,01/11/1997,3.04
confianza,01/12/1997,2.97
confianza,01/01/1998,2.67
confianza,01/02/1998,2.13
confianza,01/03/1998,2.2
confianza,01/04/1998,1.71
confianza,01/05/1998,1.63
confianza,01/06/1998,1.6
confianza,01/07/1998,1.7
confianza,01/08/1998,1.48
confianza,01/09/1998,2.49
confianza,01/10/1998,2.94
confianza,01/11/1998,2.63
confianza,01/12/1998,2.4
confianza,01/01/1999,2.18
confianza,01/02/1999,2.38
confianza,01/03/1999,3.33
confianza,01/04/1999,2.35
confianza,01/05/1999,2.02
confianza,01/06/1999,1.67
confianza,01/07/1999,1.66
confianza,01/08/1999,1.57
confianza,01/09/1999,1.49
confianza,01/10/1999,1.38
confianza,01/11/1999,1.39
confianza,01/12/1999,1.6
confianza,01/01/2000,1.46
confianza,01/02/2000,1.45
confianza,01/03/2000,1.45
confianza,01/04/2000,1.3
confianza,01/05/2000,1.49
confianza,01/06/2000,1.39
confianza,01/07/2000,1.31
confianza,01/08/2000,1.41
confianza,01/09/2000,1.22
confianza,01/10/2000,1.29
confianza,01/11/2000,1.22
confianza,01/12/2000,1.2
confianza,01/01/2001,1.27
confianza,01/02/2001,1.02
confianza,01/03/2001,1.26
confianza,01/04/2001,1.19
confianza,01/05/2001,1.34
confianza,01/06/2001,1.27
confianza,01/07/2001,1.5
confianza,01/08/2001,1.6
confianza,01/09/2001,1.32
confianza,01/10/2001,1.53
confianza,01/11/2001,1.39
confianza,01/12/2001,1.39
confianza,01/01/2002,1.53
confianza,01/02/2002,1.25
confianza,01/03/2002,1.37
confianza,01/04/2002,1.48
confianza,01/05/2002,1.41
confianza,01/06/2002,1.33
confianza,01/07/2002,1.54
confianza,01/08/2002,1.44
confianza,01/09/2002,1.38
confianza,01/10/2002,1.65
confianza,01/11/2002,1.54
confianza,01/12/2002,1.74
confianza,01/01/2003,1.97
confianza,01/02/2003,1.83
confianza,01/03/2003,1.78
confianza,01/04/2003,1.87
confianza,01/05/2003,1.97
confianza,01/06/2003,1.86
confianza,01/07/2003,2.08
confianza,01/08/2003,1.77
confianza,01/09/2003,1.68
confianza,01/10/2003,1.64
confianza,01/11/2003,1.34
confianza,01/12/2003,1.37
confianza,01/01/2004,1.27
confianza,01/02/2004,1.08
confianza,01/03/2004,1.38
confianza,01/04/2004,1.18
confianza,01/05/2004,1.23
confianza,01/06/2004,1.23
confianza,01/07/2004,1.29
confianza,01/08/2004,1.29
confianza,01/09/2004,1.25
confianza,01/10/2004,1.21
confianza,01/11/2004,1.25
confianza,01/12/2004,1.48
confianza,01/01/2005,1.38
confianza,01/02/2005,1.22
confianza,01/03/2005,1.53
confianza,01/04/2005,1.41
confianza,01/05/2005,1.5
confianza,01/06/2005,1.59
confianza,01/07/2005,1.51
confianza,01/08/2005,1.66
confianza,01/09/2005,1.5
confianza,01/10/2005,1.41
confianza,01/11/2005,1.38
confianza,01/12/2005,1.47
confianza,01/01/2006,1.43
confianza,01/02/2006,1.15
confianza,01/03/2006,1.42
confianza,01/04/2006,1.08
confianza,01/05/2006,1.28
confianza,01/06/2006,1.18
confianza,01/07/2006,1.17
confianza,01/08/2006,1.26
confianza,01/09/2006,1.06
confianza,01/10/2006,1.09
confianza,01/11/2006,1.02
confianza,01/12/2006,0.99
confianza,01/01/2007,1.08
confianza,01/02/2007,0.87
confianza,01/03/2007,1.05
confianza,01/04/2007,0.94
confianza,01/05/2007,1.03
confianza,01/06/2007,0.91
confianza,01/07/2007,0.97
confianza,01/08/2007,0.99
confianza,01/09/2007,0.8
confianza,01/10/2007,0.93
confianza,01/11/2007,0.84
confianza,01/12/2007,0.84
confianza,01/01/2008,0.93
confianza,01/02/2008,0.8
confianza,01/03/2008,0.84
confianza,01/04/2008,0.9
confianza,01/05/2008,0.88
confianza,01/06/2008,0.96
confianza,01/07/2008,1.07
confianza,01/08/2008,1.02
confianza,01/09/2008,1.1
confianza,01/10/2008,1.18
confianza,01/11/2008,1.02
confianza,01/12/2008,1.12
confianza,01/01/2009,1.05
confianza,01/02/2009,0.86
confianza,01/03/2009,0.97
confianza,01/04/2009,0.84
confianza,01/05/2009,0.77
confianza,01/06/2009,0.76
confianza,01/07/2009,0.79
confianza,01/08/2009,0.69
confianza,01/09/2009,0.69
confianza,01/10/2009,0.69
confianza,01/11/2009,0.66
confianza,01/12/2009,0.73
confianza,01/01/2010,0.66
confianza,01/02/2010,0.59
confianza,01/03/2010,0.76
confianza,01/04/2010,0.67
confianza,01/05/2010,0.75
confianza,01/06/2010,0.79
confianza,01/07/2010,0.86
confianza,01/08/2010,0.89
confianza,01/09/2010,0.85
confianza,01/10/2010,0.81
confianza,01/11/2010,0.81
confianza,01/12/2010,0.93
confianza,01/01/2011,0.86
confianza,01/02/2011,0.84
confianza,01/03/2011,0.92
confianza,01/04/2011,0.84
confianza,01/05/2011,0.99
confianza,01/06/2011,0.96
confianza,01/07/2011,0.97
confianza,01/08/2011,1.07
confianza,01/09/2011,0.94
confianza,01/10/2011,0.88
confianza,01/11/2011,0.86
confianza,01/12/2011,0.91
confianza,01/01/2012,0.89
confianza,01/02/2012,0.75
confianza,01/03/2012,0.82
confianza,01/04/2012,0.71
confianza,01/05/2012,0.74
confianza,01/06/2012,0.64
confianza,01/07/2012,0.68
confianza,01/08/2012,0.69
confianza,01/09/2012,0.54
confianza,01/10/2012,0.61
confianza,01/11/2012,0.55
confianza,01/12/2012,0.55
confianza,01/01/2013,0.6
confianza,01/02/2013,0.49
confianza,01/03/2013,0.55
confianza,01/04/2013,0.61
confianza,01/05/2013,0.6
confianza,01/06/2013,0.61
confianza,01/07/2013,0.72
confianza,01/08/2013,0.71
confianza,01/09/2013,0.71
confianza,01/10/2013,0.81
confianza,01/11/2013,0.72
confianza,01/12/2013,0.79
confianza,01/01/2014,0.85
confianza,01/02/2014,0.79
confianza,01/03/2014,0.77
confianza,01/04/2014,0.82
confianza,01/05/2014,0.87
confianza,01/06/2014,0.82
confianza,01/07/2014,0.95
confianza,01/08/2014,0.87
confianza,01/09/2014,0.91
confianza,01/10/2014,0.95
confianza,01/11/2014,0.84
confianza,01/12/2014,0.96
confianza,01/01/2015,0.94
confianza,01/02/2015,0.82
confianza,01/03/2015,1.04
confianza,01/04/2015,0.95
confianza,01/05/2015,0.99
confianza,01/06/2015,1.07
confianza,01/07/2015,1.18
confianza,01/08/2015,1.11
confianza,01/09/2015,1.11
confianza,01/10/2015,1.11
confianza,01/11/2015,1.06
confianza,01/12/2015,1.16
confianza,01/01/2016,1.06
confianza,01/02/2016,1.0
confianza,01/03/2016,1.16
confianza,01/04/2016,1.06
confianza,01/05/2016,1.11
confianza,01/06/2016,1.16
confianza,01/07/2016,1.11
confianza,01/08/2016,1.22
confianza,01/09/2016,1.11
confianza,01/10/2016,1.05
confianza,01/11/2016,1.04
confianza,01/12/2016,1.12
confianza,01/01/2017,1.09
confianza,01/02/2017,0.87
confianza,01/03/2017,1.05
confianza,01/04/2017,0.79
confianza,01/05/2017,0.93
confianza,01/06/2017,0.81
confianza,01/07/2017,0.8
confianza,01/08/2017,0.8
confianza,01/09/2017,0.64
confianza,01/10/2017,0.64
confianza,01/11/2017,0.57
confianza,01/12/2017,0.54
confianza,01/01/2018,0.58
confianza,01/02/2018,0.47
confianza,01/03/2018,0.53
confianza,01/04/2018,0.52
confianza,01/05/2018,0.52
confianza,01/06/2018,0.52
confianza,01/07/2018,0.54
confianza,01/08/2018,0.57
confianza,01/09/2018,0.47
confianza,01/10/2018,0.54
confianza,01/11/2018,0.49
confianza,01/12/2018,0.49
confianza,01/01/2019,0.54
confianza,01/02/2019,0.49
confianza,01/03/2019,0.47
confianza,01/04/2019,0.52
confianza,01/05/2019,0.54
confianza,01/06/2019,0.47
confianza,01/07/2019,0.57
confianza,01/08/2019,0.5
confianza,01/09/2019,0.46
confianza,01/10/2019,0.48
confianza,01/11/2019,0.38
confianza,01/12/2019,0.37
confianza,01/01/2020,0.38
confianza,01/02/2020,0.29
confianza,01/03/2020,0.34
confianza,01/04/2020,0.28
confianza,01/05/2020,0.24
confianza,01/06/2020,0.21
confianza,01/07/2020,0.19
confianza,01/08/2020,0.16
confianza,01/09/2020,0.16
confianza,01/10/2020,0.16
confianza,01/11/2020,0.15
confianza,01/12/2020,0.16
confianza,01/01/2021,0.15
confianza,01/02/2021,0.13
confianza,01/03/2021,0.2
confianza,01/04/2021,0.21
confianza,01/05/2021,0.27
confianza,01/06/2021,0.31
confianza,01/07/2021,0.36
confianza,01/08/2021,0.43
confianza,01/09/2021,0.44
confianza,01/10/2021,0.49
confianza,01/11/2021,0.59
confianza,01/12/2021,0.77
confianza,01/01/2022,0.73
confianza,01/02/2022,0.76
confianza,01/03/2022,0.93
confianza,01/04/2022,0.83
confianza,01/05/2022,1.03
confianza,01/06/2022,1.02
confianza,01/07/2022,1.03
confianza,01/08/2022,1.17
confianza,01/09/2022,1.07
confianza,01/10/2022,1.02
confianza,01/11/2022,1.02
confianza,01/12/2022,1.12
confianza,01/01/2023,1.12
confianza,01/02/2023,0.92
confianza,01/03/2023,1.17
confianza,01/04/2023,0.92
confianza,01/05/2023,1.12
confianza,01/06/2023,1.07
confianza,01/07/2023,1.07
confianza,01/08/2023,1.14
confianza,01/09/2023,0.97
confianza,01/10/2023,1.0
confianza,01/11/2023,0.92
confianza,01/12/2023,0.89
confianza,01/01/2024,0.97
confianza,01/02/2024,0.8
confianza,01/03/2024,0.83
confianza,01/04/2024,0.89
confianza,01/05/2024,0.83
confianza,01/06/2024,0.79
confianza,01/07/2024,0.91
confianza,01/08/2024,0.87
confianza,01/09/2024,0.84
confianza,01/10/2024,0.93
confianza,01/11/2024,0.79
confianza,01/12/2024,0.93
confianza,01/01/2025,1.01
confianza,01/02/2025,0.99
confianza,01/03/2025,0.96
confianza,01/04/2025,1.06
confianza,01/05/2025,1.14
confianza,01/06/2025,1.1
confianza,01/07/2025,1.28
confianza,01/08/2025,1.16
confianza,01/09/2025,1.22
confianza,01/10/2025,1.28
confianza,01/11/2025,1.05
confianza,01/12/2025,1.22
confianza,01/01/2026,1.16
confianza,01/02/2026,1.0
confianza,01/03/2026,1.21
confianza,01/04/2026,1.09
confianza,01/05/2026,1.02
