valor,vigenciadesde,indicador
643.42,1991-12-02T00:00:00.000,trm
639.22,1991-12-03T00:00:00.000,trm
635.7,1991-12-04T00:00:00.000,trm
631.51,1991-12-05T00:00:00.000,trm
627.16,1991-12-06T00:00:00.000,trm
638.06,1991-12-07T00:00:00.000,trm
622.92,1991-12-10T00:00:00.000,trm
627.46,1991-12-11T00:00:00.000,trm
633.09,1991-12-12T00:00:00.000,trm
632.35,1991-12-13T00:00:00.000,trm
630.91,1991-12-14T00:00:00.000,trm
626.23,1991-12-17T00:00:00.000,trm
626.52,1991-12-18T00:00:00.000,trm
633.35,1991-12-19T00:00:00.000,trm
621.71,1991-12-20T00:00:00.000,trm
620.62,1991-12-21T00:00:00.000,trm
622.95,1991-12-24T00:00:00.000,trm
622.95,1991-12-25T00:00:00.000,trm
631.63,1991-12-27T00:00:00.000,trm
632.37,1991-12-28T00:00:00.000,trm
632.37,1991-12-31T00:00:00.000,trm
632.37,1992-01-01T00:00:00.000,trm
638.61,1992-01-02T00:00:00.000,trm
632.58,1992-01-03T00:00:00.000,trm
638.07,1992-01-04T00:00:00.000,trm
638.17,1992-01-08T00:00:00.000,trm
638.61,1992-01-09T00:00:00.000,trm
637.86,1992-01-10T00:00:00.000,trm
645.04,1992-01-11T00:00:00.000,trm
659.74,1992-01-14T00:00:00.000,trm
657.49,1992-01-15T00:00:00.000,trm
653.45,1992-01-16T00:00:00.000,trm
652.91,1992-01-17T00:00:00.000,trm
645.35,1992-01-18T00:00:00.000,trm
645.97,1992-01-21T00:00:00.000,trm
647.04,1992-01-22T00:00:00.000,trm
647.01,1992-01-23T00:00:00.000,trm
647.01,1992-01-24T00:00:00.000,trm
644.83,1992-01-25T00:00:00.000,trm
645.53,1992-01-28T00:00:00.000,trm
645.2,1992-01-29T00:00:00.000,trm
644.04,1992-01-30T00:00:00.000,trm
644.27,1992-01-31T00:00:00.000,trm
640.52,1992-02-01T00:00:00.000,trm
640.52,1992-02-04T00:00:00.000,trm
638.01,1992-02-05T00:00:00.000,trm
637.65,1992-02-06T00:00:00.000,trm
636.9,1992-02-07T00:00:00.000,trm
635.34,1992-02-08T00:00:00.000,trm
634.74,1992-02-11T00:00:00.000,trm
634.59,1992-02-12T00:00:00.000,trm
634.67,1992-02-13T00:00:00.000,trm
635.6,1992-02-14T00:00:00.000,trm
634.74,1992-02-15T00:00:00.000,trm
635.66,1992-02-18T00:00:00.000,trm
635.21,1992-02-19T00:00:00.000,trm
634.93,1992-02-20T00:00:00.000,trm
633.31,1992-02-21T00:00:00.000,trm
633.03,1992-02-22T00:00:00.000,trm
633.55,1992-02-25T00:00:00.000,trm
633.74,1992-02-26T00:00:00.000,trm
634.06,1992-02-27T00:00:00.000,trm
633.91,1992-02-28T00:00:00.000,trm
636.54,1992-02-29T00:00:00.000,trm
640.95,1992-03-03T00:00:00.000,trm
636.05,1992-03-04T00:00:00.000,trm
635.86,1992-03-05T00:00:00.000,trm
636.73,1992-03-06T00:00:00.000,trm
636.22,1992-03-07T00:00:00.000,trm
635.88,1992-03-10T00:00:00.000,trm
639.78,1992-03-11T00:00:00.000,trm
639.38,1992-03-12T00:00:00.000,trm
641.29,1992-03-13T00:00:00.000,trm
642.0,1992-03-14T00:00:00.000,trm
644.13,1992-03-17T00:00:00.000,trm
643.83,1992-03-18T00:00:00.000,trm
642.59,1992-03-19T00:00:00.000,trm
641.53,1992-03-20T00:00:00.000,trm
640.37,1992-03-21T00:00:00.000,trm
642.0,1992-03-25T00:00:00.000,trm
641.81,1992-03-26T00:00:00.000,trm
641.22,1992-03-27T00:00:00.000,trm
647.24,1992-03-28T00:00:00.000,trm
641.59,1992-03-31T00:00:00.000,trm
641.98,1992-04-01T00:00:00.000,trm
645.14,1992-04-02T00:00:00.000,trm
644.77,1992-04-03T00:00:00.000,trm
643.11,1992-04-04T00:00:00.000,trm
645.73,1992-04-07T00:00:00.000,trm
643.98,1992-04-08T00:00:00.000,trm
644.61,1992-04-09T00:00:00.000,trm
646.5,1992-04-10T00:00:00.000,trm
647.28,1992-04-11T00:00:00.000,trm
649.48,1992-04-14T00:00:00.000,trm
655.66,1992-04-15T00:00:00.000,trm
657.97,1992-04-16T00:00:00.000,trm
655.32,1992-04-21T00:00:00.000,trm
652.57,1992-04-22T00:00:00.000,trm
651.48,1992-04-23T00:00:00.000,trm
650.24,1992-04-24T00:00:00.000,trm
651.36,1992-04-25T00:00:00.000,trm
650.31,1992-04-28T00:00:00.000,trm
651.95,1992-04-29T00:00:00.000,trm
653.83,1992-04-30T00:00:00.000,trm
653.58,1992-05-01T00:00:00.000,trm
653.1,1992-05-05T00:00:00.000,trm
653.7,1992-05-06T00:00:00.000,trm
654.74,1992-05-07T00:00:00.000,trm
656.4,1992-05-08T00:00:00.000,trm
657.91,1992-05-09T00:00:00.000,trm
658.52,1992-05-12T00:00:00.000,trm
660.57,1992-05-13T00:00:00.000,trm
660.88,1992-05-14T00:00:00.000,trm
663.43,1992-05-15T00:00:00.000,trm
663.58,1992-05-16T00:00:00.000,trm
663.75,1992-05-19T00:00:00.000,trm
664.5,1992-05-20T00:00:00.000,trm
663.1,1992-05-21T00:00:00.000,trm
662.6,1992-05-22T00:00:00.000,trm
662.11,1992-05-23T00:00:00.000,trm
662.15,1992-05-26T00:00:00.000,trm
660.46,1992-05-27T00:00:00.000,trm
660.16,1992-05-28T00:00:00.000,trm
660.99,1992-05-29T00:00:00.000,trm
664.37,1992-05-30T00:00:00.000,trm
666.11,1992-06-03T00:00:00.000,trm
664.3,1992-06-04T00:00:00.000,trm
666.47,1992-06-05T00:00:00.000,trm
664.36,1992-06-06T00:00:00.000,trm
665.91,1992-06-09T00:00:00.000,trm
665.92,1992-06-10T00:00:00.000,trm
667.96,1992-06-11T00:00:00.000,trm
667.52,1992-06-12T00:00:00.000,trm
669.55,1992-06-13T00:00:00.000,trm
671.36,1992-06-16T00:00:00.000,trm
675.76,1992-06-17T00:00:00.000,trm
680.17,1992-06-18T00:00:00.000,trm
678.25,1992-06-19T00:00:00.000,trm
683.37,1992-06-20T00:00:00.000,trm
690.08,1992-06-24T00:00:00.000,trm
699.09,1992-06-25T00:00:00.000,trm
701.83,1992-06-26T00:00:00.000,trm
697.57,1992-06-27T00:00:00.000,trm
695.36,1992-07-01T00:00:00.000,trm
694.43,1992-07-02T00:00:00.000,trm
693.71,1992-07-03T00:00:00.000,trm
693.4,1992-07-04T00:00:00.000,trm
696.12,1992-07-07T00:00:00.000,trm
695.65,1992-07-08T00:00:00.000,trm
699.01,1992-07-09T00:00:00.000,trm
703.74,1992-07-10T00:00:00.000,trm
708.72,1992-07-11T00:00:00.000,trm
720.47,1992-07-14T00:00:00.000,trm
719.15,1992-07-15T00:00:00.000,trm
717.45,1992-07-16T00:00:00.000,trm
717.7,1992-07-17T00:00:00.000,trm
715.11,1992-07-18T00:00:00.000,trm
710.91,1992-07-22T00:00:00.000,trm
707.96,1992-07-23T00:00:00.000,trm
699.73,1992-07-24T00:00:00.000,trm
699.68,1992-07-25T00:00:00.000,trm
701.66,1992-07-28T00:00:00.000,trm
701.89,1992-07-29T00:00:00.000,trm
702.02,1992-07-30T00:00:00.000,trm
705.14,1992-07-31T00:00:00.000,trm
702.52,1992-08-01T00:00:00.000,trm
701.82,1992-08-04T00:00:00.000,trm
698.84,1992-08-05T00:00:00.000,trm
695.32,1992-08-06T00:00:00.000,trm
694.25,1992-08-07T00:00:00.000,trm
692.72,1992-08-11T00:00:00.000,trm
692.25,1992-08-12T00:00:00.000,trm
694.28,1992-08-13T00:00:00.000,trm
692.51,1992-08-14T00:00:00.000,trm
693.25,1992-08-15T00:00:00.000,trm
693.69,1992-08-19T00:00:00.000,trm
692.48,1992-08-20T00:00:00.000,trm
692.56,1992-08-21T00:00:00.000,trm
693.94,1992-08-22T00:00:00.000,trm
689.56,1992-08-25T00:00:00.000,trm
689.21,1992-08-26T00:00:00.000,trm
689.45,1992-08-27T00:00:00.000,trm
690.3,1992-08-28T00:00:00.000,trm
691.68,1992-08-29T00:00:00.000,trm
691.9,1992-09-01T00:00:00.000,trm
692.89,1992-09-02T00:00:00.000,trm
693.02,1992-09-03T00:00:00.000,trm
695.62,1992-09-04T00:00:00.000,trm
696.77,1992-09-05T00:00:00.000,trm
697.69,1992-09-08T00:00:00.000,trm
698.28,1992-09-09T00:00:00.000,trm
695.38,1992-09-10T00:00:00.000,trm
695.54,1992-09-11T00:00:00.000,trm
696.39,1992-09-12T00:00:00.000,trm
696.29,1992-09-15T00:00:00.000,trm
696.84,1992-09-16T00:00:00.000,trm
695.7,1992-09-17T00:00:00.000,trm
696.66,1992-09-18T00:00:00.000,trm
696.42,1992-09-19T00:00:00.000,trm
699.16,1992-09-22T00:00:00.000,trm
697.77,1992-09-23T00:00:00.000,trm
698.4,1992-09-24T00:00:00.000,trm
697.01,1992-09-25T00:00:00.000,trm
704.8,1992-09-26T00:00:00.000,trm
701.0,1992-09-29T00:00:00.000,trm
702.81,1992-09-30T00:00:00.000,trm
699.7,1992-10-01T00:00:00.000,trm
703.08,1992-10-02T00:00:00.000,trm
710.22,1992-10-03T00:00:00.000,trm
704.52,1992-10-06T00:00:00.000,trm
703.66,1992-10-07T00:00:00.000,trm
702.71,1992-10-08T00:00:00.000,trm
704.06,1992-10-09T00:00:00.000,trm
701.88,1992-10-10T00:00:00.000,trm
702.48,1992-10-14T00:00:00.000,trm
705.52,1992-10-15T00:00:00.000,trm
708.21,1992-10-16T00:00:00.000,trm
707.13,1992-10-17T00:00:00.000,trm
707.35,1992-10-20T00:00:00.000,trm
706.06,1992-10-21T00:00:00.000,trm
709.22,1992-10-22T00:00:00.000,trm
710.19,1992-10-23T00:00:00.000,trm
712.04,1992-10-24T00:00:00.000,trm
713.55,1992-10-27T00:00:00.000,trm
716.39,1992-10-28T00:00:00.000,trm
715.31,1992-10-29T00:00:00.000,trm
717.37,1992-10-30T00:00:00.000,trm
716.88,1992-10-31T00:00:00.000,trm
718.98,1992-11-04T00:00:00.000,trm
719.21,1992-11-05T00:00:00.000,trm
720.96,1992-11-06T00:00:00.000,trm
722.57,1992-11-07T00:00:00.000,trm
720.48,1992-11-10T00:00:00.000,trm
722.37,1992-11-11T00:00:00.000,trm
723.72,1992-11-12T00:00:00.000,trm
722.72,1992-11-13T00:00:00.000,trm
724.07,1992-11-14T00:00:00.000,trm
730.11,1992-11-18T00:00:00.000,trm
724.97,1992-11-19T00:00:00.000,trm
724.9,1992-11-20T00:00:00.000,trm
721.98,1992-11-21T00:00:00.000,trm
726.97,1992-11-24T00:00:00.000,trm
720.63,1992-11-25T00:00:00.000,trm
721.47,1992-11-26T00:00:00.000,trm
722.61,1992-11-27T00:00:00.000,trm
725.45,1992-11-28T00:00:00.000,trm
729.42,1992-12-01T00:00:00.000,trm
725.75,1992-12-02T00:00:00.000,trm
729.74,1992-12-03T00:00:00.000,trm
738.19,1992-12-04T00:00:00.000,trm
736.29,1992-12-05T00:00:00.000,trm
732.11,1992-12-08T00:00:00.000,trm
732.4,1992-12-10T00:00:00.000,trm
727.21,1992-12-11T00:00:00.000,trm
729.8,1992-12-12T00:00:00.000,trm
732.69,1992-12-15T00:00:00.000,trm
736.2,1992-12-16T00:00:00.000,trm
734.98,1992-12-17T00:00:00.000,trm
732.54,1992-12-18T00:00:00.000,trm
735.31,1992-12-19T00:00:00.000,trm
736.82,1992-12-22T00:00:00.000,trm
735.0,1992-12-23T00:00:00.000,trm
735.19,1992-12-24T00:00:00.000,trm
735.19,1992-12-25T00:00:00.000,trm
737.44,1992-12-29T00:00:00.000,trm
737.98,1992-12-30T00:00:00.000,trm
737.98,1992-12-31T00:00:00.000,trm
737.98,1993-01-01T00:00:00.000,trm
737.55,1993-01-05T00:00:00.000,trm
738.65,1993-01-06T00:00:00.000,trm
740.08,1993-01-07T00:00:00.000,trm
742.61,1993-01-08T00:00:00.000,trm
746.63,1993-01-09T00:00:00.000,trm
749.63,1993-01-13T00:00:00.000,trm
748.98,1993-01-14T00:00:00.000,trm
746.71,1993-01-15T00:00:00.000,trm
746.39,1993-01-16T00:00:00.000,trm
747.2,1993-01-19T00:00:00.000,trm
748.07,1993-01-20T00:00:00.000,trm
750.06,1993-01-21T00:00:00.000,trm
750.0,1993-01-22T00:00:00.000,trm
748.56,1993-01-23T00:00:00.000,trm
747.25,1993-01-26T00:00:00.000,trm
747.13,1993-01-27T00:00:00.000,trm
746.21,1993-01-28T00:00:00.000,trm
745.14,1993-01-29T00:00:00.000,trm
746.05,1993-01-30T00:00:00.000,trm
745.27,1993-02-02T00:00:00.000,trm
745.64,1993-02-03T00:00:00.000,trm
745.73,1993-02-04T00:00:00.000,trm
745.79,1993-02-05T00:00:00.000,trm
746.56,1993-02-06T00:00:00.000,trm
745.45,1993-02-09T00:00:00.000,trm
745.49,1993-02-10T00:00:00.000,trm
745.38,1993-02-11T00:00:00.000,trm
748.22,1993-02-12T00:00:00.000,trm
748.88,1993-02-13T00:00:00.000,trm
748.18,1993-02-16T00:00:00.000,trm
749.69,1993-02-17T00:00:00.000,trm
750.75,1993-02-18T00:00:00.000,trm
752.47,1993-02-19T00:00:00.000,trm
751.96,1993-02-20T00:00:00.000,trm
752.52,1993-02-23T00:00:00.000,trm
753.33,1993-02-24T00:00:00.000,trm
755.07,1993-02-25T00:00:00.000,trm
759.2,1993-02-26T00:00:00.000,trm
758.03,1993-02-27T00:00:00.000,trm
757.89,1993-03-02T00:00:00.000,trm
760.71,1993-03-03T00:00:00.000,trm
762.68,1993-03-04T00:00:00.000,trm
762.04,1993-03-05T00:00:00.000,trm
762.2,1993-03-06T00:00:00.000,trm
763.38,1993-03-09T00:00:00.000,trm
763.9,1993-03-10T00:00:00.000,trm
764.74,1993-03-11T00:00:00.000,trm
765.19,1993-03-12T00:00:00.000,trm
764.79,1993-03-13T00:00:00.000,trm
764.29,1993-03-16T00:00:00.000,trm
765.06,1993-03-17T00:00:00.000,trm
766.12,1993-03-18T00:00:00.000,trm
766.42,1993-03-19T00:00:00.000,trm
766.84,1993-03-20T00:00:00.000,trm
766.63,1993-03-24T00:00:00.000,trm
766.91,1993-03-25T00:00:00.000,trm
767.99,1993-03-26T00:00:00.000,trm
767.4,1993-03-27T00:00:00.000,trm
766.79,1993-03-30T00:00:00.000,trm
766.41,1993-03-31T00:00:00.000,trm
766.44,1993-04-01T00:00:00.000,trm
767.98,1993-04-02T00:00:00.000,trm
768.46,1993-04-03T00:00:00.000,trm
768.31,1993-04-06T00:00:00.000,trm
768.52,1993-04-07T00:00:00.000,trm
768.6,1993-04-08T00:00:00.000,trm
769.34,1993-04-13T00:00:00.000,trm
769.8,1993-04-14T00:00:00.000,trm
771.56,1993-04-15T00:00:00.000,trm
772.71,1993-04-16T00:00:00.000,trm
773.22,1993-04-17T00:00:00.000,trm
773.7,1993-04-20T00:00:00.000,trm
773.97,1993-04-21T00:00:00.000,trm
774.34,1993-04-22T00:00:00.000,trm
775.05,1993-04-23T00:00:00.000,trm
775.32,1993-04-24T00:00:00.000,trm
775.2,1993-04-27T00:00:00.000,trm
774.52,1993-04-28T00:00:00.000,trm
773.78,1993-04-29T00:00:00.000,trm
774.94,1993-04-30T00:00:00.000,trm
773.82,1993-05-01T00:00:00.000,trm
775.53,1993-05-04T00:00:00.000,trm
776.99,1993-05-05T00:00:00.000,trm
777.88,1993-05-06T00:00:00.000,trm
778.17,1993-05-07T00:00:00.000,trm
777.17,1993-05-08T00:00:00.000,trm
777.75,1993-05-11T00:00:00.000,trm
779.41,1993-05-12T00:00:00.000,trm
780.49,1993-05-13T00:00:00.000,trm
780.8,1993-05-14T00:00:00.000,trm
780.79,1993-05-15T00:00:00.000,trm
781.42,1993-05-18T00:00:00.000,trm
781.8,1993-05-19T00:00:00.000,trm
781.84,1993-05-20T00:00:00.000,trm
781.94,1993-05-21T00:00:00.000,trm
782.0,1993-05-22T00:00:00.000,trm
783.15,1993-05-26T00:00:00.000,trm
782.85,1993-05-27T00:00:00.000,trm
780.78,1993-05-28T00:00:00.000,trm
779.56,1993-05-29T00:00:00.000,trm
779.0,1993-06-01T00:00:00.000,trm
779.01,1993-06-02T00:00:00.000,trm
777.82,1993-06-03T00:00:00.000,trm
778.12,1993-06-04T00:00:00.000,trm
780.6,1993-06-05T00:00:00.000,trm
782.29,1993-06-08T00:00:00.000,trm
784.62,1993-06-09T00:00:00.000,trm
784.95,1993-06-10T00:00:00.000,trm
785.79,1993-06-11T00:00:00.000,trm
784.8,1993-06-12T00:00:00.000,trm
785.9,1993-06-16T00:00:00.000,trm
786.64,1993-06-17T00:00:00.000,trm
787.49,1993-06-18T00:00:00.000,trm
786.77,1993-06-19T00:00:00.000,trm
787.06,1993-06-23T00:00:00.000,trm
786.42,1993-06-24T00:00:00.000,trm
786.72,1993-06-25T00:00:00.000,trm
786.96,1993-06-26T00:00:00.000,trm
786.8,1993-06-29T00:00:00.000,trm
787.12,1993-06-30T00:00:00.000,trm
786.1,1993-07-01T00:00:00.000,trm
787.51,1993-07-02T00:00:00.000,trm
788.65,1993-07-03T00:00:00.000,trm
789.47,1993-07-07T00:00:00.000,trm
790.58,1993-07-08T00:00:00.000,trm
791.73,1993-07-09T00:00:00.000,trm
793.18,1993-07-10T00:00:00.000,trm
794.67,1993-07-13T00:00:00.000,trm
795.66,1993-07-14T00:00:00.000,trm
797.0,1993-07-15T00:00:00.000,trm
797.06,1993-07-16T00:00:00.000,trm
797.31,1993-07-17T00:00:00.000,trm
797.41,1993-07-20T00:00:00.000,trm
797.63,1993-07-22T00:00:00.000,trm
798.17,1993-07-23T00:00:00.000,trm
798.83,1993-07-24T00:00:00.000,trm
799.17,1993-07-27T00:00:00.000,trm
799.96,1993-07-28T00:00:00.000,trm
800.42,1993-07-29T00:00:00.000,trm
801.04,1993-07-30T00:00:00.000,trm
801.35,1993-07-31T00:00:00.000,trm
801.15,1993-08-03T00:00:00.000,trm
801.86,1993-08-04T00:00:00.000,trm
801.82,1993-08-05T00:00:00.000,trm
801.86,1993-08-06T00:00:00.000,trm
801.78,1993-08-07T00:00:00.000,trm
802.3,1993-08-10T00:00:00.000,trm
803.22,1993-08-11T00:00:00.000,trm
804.48,1993-08-12T00:00:00.000,trm
804.93,1993-08-13T00:00:00.000,trm
804.51,1993-08-14T00:00:00.000,trm
804.76,1993-08-18T00:00:00.000,trm
805.62,1993-08-19T00:00:00.000,trm
806.15,1993-08-20T00:00:00.000,trm
806.72,1993-08-21T00:00:00.000,trm
807.04,1993-08-24T00:00:00.000,trm
807.57,1993-08-25T00:00:00.000,trm
807.77,1993-08-26T00:00:00.000,trm
807.55,1993-08-27T00:00:00.000,trm
807.53,1993-08-28T00:00:00.000,trm
806.86,1993-08-31T00:00:00.000,trm
806.83,1993-09-01T00:00:00.000,trm
808.04,1993-09-02T00:00:00.000,trm
807.96,1993-09-03T00:00:00.000,trm
807.68,1993-09-04T00:00:00.000,trm
807.62,1993-09-07T00:00:00.000,trm
808.24,1993-09-08T00:00:00.000,trm
809.33,1993-09-09T00:00:00.000,trm
810.25,1993-09-10T00:00:00.000,trm
810.03,1993-09-11T00:00:00.000,trm
810.09,1993-09-14T00:00:00.000,trm
810.81,1993-09-15T00:00:00.000,trm
811.75,1993-09-16T00:00:00.000,trm
811.93,1993-09-17T00:00:00.000,trm
811.18,1993-09-18T00:00:00.000,trm
810.88,1993-09-21T00:00:00.000,trm
809.75,1993-09-22T00:00:00.000,trm
810.04,1993-09-23T00:00:00.000,trm
810.55,1993-09-24T00:00:00.000,trm
809.93,1993-09-25T00:00:00.000,trm
809.55,1993-09-28T00:00:00.000,trm
809.69,1993-09-29T00:00:00.000,trm
810.84,1993-09-30T00:00:00.000,trm
811.31,1993-10-01T00:00:00.000,trm
812.29,1993-10-02T00:00:00.000,trm
812.27,1993-10-05T00:00:00.000,trm
812.75,1993-10-06T00:00:00.000,trm
812.54,1993-10-07T00:00:00.000,trm
811.91,1993-10-08T00:00:00.000,trm
811.28,1993-10-09T00:00:00.000,trm
811.19,1993-10-12T00:00:00.000,trm
811.47,1993-10-13T00:00:00.000,trm
811.46,1993-10-14T00:00:00.000,trm
812.41,1993-10-15T00:00:00.000,trm
813.28,1993-10-16T00:00:00.000,trm
813.79,1993-10-20T00:00:00.000,trm
816.41,1993-10-21T00:00:00.000,trm
819.26,1993-10-22T00:00:00.000,trm
819.41,1993-10-23T00:00:00.000,trm
819.44,1993-10-26T00:00:00.000,trm
819.55,1993-10-27T00:00:00.000,trm
818.98,1993-10-28T00:00:00.000,trm
818.06,1993-10-29T00:00:00.000,trm
817.03,1993-10-30T00:00:00.000,trm
816.7,1993-11-03T00:00:00.000,trm
817.01,1993-11-04T00:00:00.000,trm
816.79,1993-11-05T00:00:00.000,trm
815.7,1993-11-06T00:00:00.000,trm
814.26,1993-11-09T00:00:00.000,trm
813.95,1993-11-10T00:00:00.000,trm
811.07,1993-11-11T00:00:00.000,trm
809.87,1993-11-12T00:00:00.000,trm
809.95,1993-11-13T00:00:00.000,trm
815.18,1993-11-17T00:00:00.000,trm
816.32,1993-11-18T00:00:00.000,trm
816.62,1993-11-19T00:00:00.000,trm
817.06,1993-11-20T00:00:00.000,trm
814.48,1993-11-23T00:00:00.000,trm
812.12,1993-11-24T00:00:00.000,trm
811.67,1993-11-25T00:00:00.000,trm
812.04,1993-11-26T00:00:00.000,trm
812.11,1993-11-27T00:00:00.000,trm
811.73,1993-11-30T00:00:00.000,trm
812.21,1993-12-01T00:00:00.000,trm
811.78,1993-12-02T00:00:00.000,trm
809.63,1993-12-03T00:00:00.000,trm
806.49,1993-12-04T00:00:00.000,trm
803.1,1993-12-07T00:00:00.000,trm
800.6,1993-12-08T00:00:00.000,trm
798.51,1993-12-10T00:00:00.000,trm
797.53,1993-12-11T00:00:00.000,trm
798.2,1993-12-14T00:00:00.000,trm
798.12,1993-12-15T00:00:00.000,trm
799.43,1993-12-16T00:00:00.000,trm
804.89,1993-12-17T00:00:00.000,trm
806.5,1993-12-18T00:00:00.000,trm
803.81,1993-12-21T00:00:00.000,trm
802.46,1993-12-22T00:00:00.000,trm
801.4,1993-12-23T00:00:00.000,trm
801.69,1993-12-24T00:00:00.000,trm
801.69,1993-12-25T00:00:00.000,trm
809.13,1993-12-28T00:00:00.000,trm
802.33,1993-12-29T00:00:00.000,trm
802.71,1993-12-30T00:00:00.000,trm
804.33,1993-12-31T00:00:00.000,trm
804.33,1994-01-01T00:00:00.000,trm
805.91,1994-01-04T00:00:00.000,trm
810.01,1994-01-05T00:00:00.000,trm
814.21,1994-01-06T00:00:00.000,trm
818.83,1994-01-07T00:00:00.000,trm
818.89,1994-01-08T00:00:00.000,trm
818.5,1994-01-12T00:00:00.000,trm
819.81,1994-01-13T00:00:00.000,trm
820.1,1994-01-14T00:00:00.000,trm
815.81,1994-01-15T00:00:00.000,trm
816.91,1994-01-18T00:00:00.000,trm
816.15,1994-01-19T00:00:00.000,trm
814.56,1994-01-20T00:00:00.000,trm
815.91,1994-01-21T00:00:00.000,trm
815.65,1994-01-22T00:00:00.000,trm
816.69,1994-01-25T00:00:00.000,trm
819.1,1994-01-26T00:00:00.000,trm
821.52,1994-01-27T00:00:00.000,trm
821.72,1994-01-28T00:00:00.000,trm
818.38,1994-01-29T00:00:00.000,trm
817.0,1994-02-01T00:00:00.000,trm
819.27,1994-02-02T00:00:00.000,trm
817.96,1994-02-03T00:00:00.000,trm
817.69,1994-02-04T00:00:00.000,trm
818.0,1994-02-05T00:00:00.000,trm
817.64,1994-02-08T00:00:00.000,trm
817.81,1994-02-09T00:00:00.000,trm
817.88,1994-02-10T00:00:00.000,trm
817.88,1994-02-11T00:00:00.000,trm
817.78,1994-02-12T00:00:00.000,trm
817.59,1994-02-15T00:00:00.000,trm
816.92,1994-02-16T00:00:00.000,trm
816.1,1994-02-17T00:00:00.000,trm
815.19,1994-02-18T00:00:00.000,trm
814.13,1994-02-19T00:00:00.000,trm
816.04,1994-02-22T00:00:00.000,trm
818.33,1994-02-23T00:00:00.000,trm
820.76,1994-02-24T00:00:00.000,trm
819.68,1994-02-25T00:00:00.000,trm
819.7,1994-02-26T00:00:00.000,trm
820.12,1994-03-01T00:00:00.000,trm
819.83,1994-03-02T00:00:00.000,trm
819.61,1994-03-03T00:00:00.000,trm
818.7,1994-03-04T00:00:00.000,trm
817.86,1994-03-05T00:00:00.000,trm
817.76,1994-03-08T00:00:00.000,trm
818.02,1994-03-09T00:00:00.000,trm
818.37,1994-03-10T00:00:00.000,trm
818.46,1994-03-11T00:00:00.000,trm
818.62,1994-03-12T00:00:00.000,trm
818.69,1994-03-15T00:00:00.000,trm
818.49,1994-03-16T00:00:00.000,trm
820.44,1994-03-17T00:00:00.000,trm
820.91,1994-03-18T00:00:00.000,trm
821.34,1994-03-19T00:00:00.000,trm
821.73,1994-03-23T00:00:00.000,trm
821.82,1994-03-24T00:00:00.000,trm
821.7,1994-03-25T00:00:00.000,trm
821.14,1994-03-26T00:00:00.000,trm
820.63,1994-03-29T00:00:00.000,trm
820.78,1994-03-30T00:00:00.000,trm
819.51,1994-03-31T00:00:00.000,trm
820.21,1994-04-05T00:00:00.000,trm
820.93,1994-04-06T00:00:00.000,trm
822.57,1994-04-07T00:00:00.000,trm
825.28,1994-04-08T00:00:00.000,trm
828.92,1994-04-09T00:00:00.000,trm
829.32,1994-04-12T00:00:00.000,trm
828.81,1994-04-13T00:00:00.000,trm
827.96,1994-04-14T00:00:00.000,trm
827.44,1994-04-15T00:00:00.000,trm
827.93,1994-04-16T00:00:00.000,trm
829.47,1994-04-19T00:00:00.000,trm
831.24,1994-04-20T00:00:00.000,trm
834.3,1994-04-21T00:00:00.000,trm
838.25,1994-04-22T00:00:00.000,trm
836.96,1994-04-23T00:00:00.000,trm
835.4,1994-04-26T00:00:00.000,trm
837.31,1994-04-27T00:00:00.000,trm
838.28,1994-04-28T00:00:00.000,trm
837.27,1994-04-29T00:00:00.000,trm
836.86,1994-04-30T00:00:00.000,trm
838.04,1994-05-03T00:00:00.000,trm
839.14,1994-05-04T00:00:00.000,trm
841.0,1994-05-05T00:00:00.000,trm
841.25,1994-05-06T00:00:00.000,trm
841.7,1994-05-07T00:00:00.000,trm
841.27,1994-05-10T00:00:00.000,trm
841.33,1994-05-11T00:00:00.000,trm
841.92,1994-05-12T00:00:00.000,trm
843.24,1994-05-13T00:00:00.000,trm
842.23,1994-05-14T00:00:00.000,trm
842.21,1994-05-18T00:00:00.000,trm
842.83,1994-05-19T00:00:00.000,trm
842.64,1994-05-20T00:00:00.000,trm
842.33,1994-05-21T00:00:00.000,trm
842.92,1994-05-24T00:00:00.000,trm
843.08,1994-05-25T00:00:00.000,trm
842.22,1994-05-26T00:00:00.000,trm
841.86,1994-05-27T00:00:00.000,trm
840.93,1994-05-28T00:00:00.000,trm
841.12,1994-05-31T00:00:00.000,trm
841.93,1994-06-01T00:00:00.000,trm
842.0,1994-06-02T00:00:00.000,trm
841.44,1994-06-03T00:00:00.000,trm
840.37,1994-06-04T00:00:00.000,trm
839.56,1994-06-08T00:00:00.000,trm
838.03,1994-06-09T00:00:00.000,trm
834.96,1994-06-10T00:00:00.000,trm
833.19,1994-06-11T00:00:00.000,trm
833.16,1994-06-15T00:00:00.000,trm
833.35,1994-06-16T00:00:00.000,trm
831.28,1994-06-17T00:00:00.000,trm
826.61,1994-06-18T00:00:00.000,trm
828.94,1994-06-21T00:00:00.000,trm
826.9,1994-06-22T00:00:00.000,trm
824.76,1994-06-23T00:00:00.000,trm
822.87,1994-06-24T00:00:00.000,trm
821.0,1994-06-25T00:00:00.000,trm
820.13,1994-06-28T00:00:00.000,trm
818.73,1994-06-29T00:00:00.000,trm
819.64,1994-06-30T00:00:00.000,trm
818.05,1994-07-01T00:00:00.000,trm
817.92,1994-07-02T00:00:00.000,trm
818.45,1994-07-06T00:00:00.000,trm
820.42,1994-07-07T00:00:00.000,trm
820.24,1994-07-08T00:00:00.000,trm
822.34,1994-07-09T00:00:00.000,trm
822.14,1994-07-12T00:00:00.000,trm
823.12,1994-07-13T00:00:00.000,trm
822.79,1994-07-14T00:00:00.000,trm
822.28,1994-07-15T00:00:00.000,trm
821.04,1994-07-16T00:00:00.000,trm
818.44,1994-07-19T00:00:00.000,trm
817.49,1994-07-20T00:00:00.000,trm
817.18,1994-07-22T00:00:00.000,trm
816.68,1994-07-23T00:00:00.000,trm
816.34,1994-07-26T00:00:00.000,trm
815.75,1994-07-27T00:00:00.000,trm
815.8,1994-07-28T00:00:00.000,trm
815.62,1994-07-29T00:00:00.000,trm
815.62,1994-07-30T00:00:00.000,trm
815.89,1994-08-02T00:00:00.000,trm
814.53,1994-08-03T00:00:00.000,trm
812.69,1994-08-04T00:00:00.000,trm
812.57,1994-08-05T00:00:00.000,trm
811.91,1994-08-06T00:00:00.000,trm
812.39,1994-08-09T00:00:00.000,trm
813.64,1994-08-10T00:00:00.000,trm
815.4,1994-08-11T00:00:00.000,trm
815.84,1994-08-12T00:00:00.000,trm
814.94,1994-08-13T00:00:00.000,trm
814.4,1994-08-17T00:00:00.000,trm
813.93,1994-08-18T00:00:00.000,trm
813.88,1994-08-19T00:00:00.000,trm
813.76,1994-08-20T00:00:00.000,trm
815.2,1994-08-23T00:00:00.000,trm
816.58,1994-08-24T00:00:00.000,trm
816.77,1994-08-25T00:00:00.000,trm
817.4,1994-08-26T00:00:00.000,trm
816.29,1994-08-27T00:00:00.000,trm
816.18,1994-08-30T00:00:00.000,trm
816.3,1994-08-31T00:00:00.000,trm
816.08,1994-09-01T00:00:00.000,trm
817.64,1994-09-02T00:00:00.000,trm
818.81,1994-09-03T00:00:00.000,trm
817.8,1994-09-06T00:00:00.000,trm
818.21,1994-09-07T00:00:00.000,trm
819.24,1994-09-08T00:00:00.000,trm
820.02,1994-09-09T00:00:00.000,trm
820.26,1994-09-10T00:00:00.000,trm
821.62,1994-09-13T00:00:00.000,trm
824.34,1994-09-14T00:00:00.000,trm
827.86,1994-09-15T00:00:00.000,trm
833.1,1994-09-16T00:00:00.000,trm
837.21,1994-09-17T00:00:00.000,trm
838.63,1994-09-20T00:00:00.000,trm
841.82,1994-09-21T00:00:00.000,trm
842.7,1994-09-22T00:00:00.000,trm
841.53,1994-09-23T00:00:00.000,trm
839.46,1994-09-24T00:00:00.000,trm
840.23,1994-09-27T00:00:00.000,trm
841.51,1994-09-28T00:00:00.000,trm
841.32,1994-09-29T00:00:00.000,trm
842.0,1994-09-30T00:00:00.000,trm
843.0,1994-10-01T00:00:00.000,trm
843.65,1994-10-04T00:00:00.000,trm
844.4,1994-10-05T00:00:00.000,trm
842.54,1994-10-06T00:00:00.000,trm
840.06,1994-10-07T00:00:00.000,trm
836.8,1994-10-08T00:00:00.000,trm
835.59,1994-10-11T00:00:00.000,trm
835.38,1994-10-12T00:00:00.000,trm
836.4,1994-10-13T00:00:00.000,trm
836.01,1994-10-14T00:00:00.000,trm
834.83,1994-10-15T00:00:00.000,trm
835.33,1994-10-19T00:00:00.000,trm
836.72,1994-10-20T00:00:00.000,trm
838.32,1994-10-21T00:00:00.000,trm
841.41,1994-10-22T00:00:00.000,trm
842.6,1994-10-25T00:00:00.000,trm
843.48,1994-10-26T00:00:00.000,trm
841.32,1994-10-27T00:00:00.000,trm
840.05,1994-10-28T00:00:00.000,trm
838.55,1994-10-29T00:00:00.000,trm
837.62,1994-11-01T00:00:00.000,trm
837.79,1994-11-02T00:00:00.000,trm
836.18,1994-11-03T00:00:00.000,trm
833.19,1994-11-04T00:00:00.000,trm
831.25,1994-11-05T00:00:00.000,trm
829.09,1994-11-09T00:00:00.000,trm
826.84,1994-11-10T00:00:00.000,trm
825.17,1994-11-11T00:00:00.000,trm
825.87,1994-11-12T00:00:00.000,trm
826.45,1994-11-16T00:00:00.000,trm
828.74,1994-11-17T00:00:00.000,trm
830.49,1994-11-18T00:00:00.000,trm
828.46,1994-11-19T00:00:00.000,trm
829.08,1994-11-22T00:00:00.000,trm
830.74,1994-11-23T00:00:00.000,trm
828.67,1994-11-24T00:00:00.000,trm
828.76,1994-11-25T00:00:00.000,trm
828.42,1994-11-26T00:00:00.000,trm
828.66,1994-11-29T00:00:00.000,trm
829.03,1994-11-30T00:00:00.000,trm
829.29,1994-12-01T00:00:00.000,trm
829.56,1994-12-02T00:00:00.000,trm
830.0,1994-12-03T00:00:00.000,trm
830.37,1994-12-06T00:00:00.000,trm
830.85,1994-12-07T00:00:00.000,trm
831.1,1994-12-08T00:00:00.000,trm
831.49,1994-12-10T00:00:00.000,trm
831.91,1994-12-13T00:00:00.000,trm
824.68,1994-12-14T00:00:00.000,trm
825.0,1994-12-15T00:00:00.000,trm
827.6,1994-12-16T00:00:00.000,trm
829.72,1994-12-17T00:00:00.000,trm
831.06,1994-12-20T00:00:00.000,trm
830.16,1994-12-21T00:00:00.000,trm
827.95,1994-12-22T00:00:00.000,trm
827.7,1994-12-23T00:00:00.000,trm
826.47,1994-12-24T00:00:00.000,trm
827.33,1994-12-27T00:00:00.000,trm
829.95,1994-12-28T00:00:00.000,trm
831.6,1994-12-29T00:00:00.000,trm
831.27,1994-12-30T00:00:00.000,trm
831.27,1994-12-31T00:00:00.000,trm
833.18,1995-01-03T00:00:00.000,trm
835.38,1995-01-04T00:00:00.000,trm
838.33,1995-01-05T00:00:00.000,trm
838.87,1995-01-06T00:00:00.000,trm
837.07,1995-01-07T00:00:00.000,trm
837.07,1995-01-10T00:00:00.000,trm
840.36,1995-01-11T00:00:00.000,trm
843.69,1995-01-12T00:00:00.000,trm
841.52,1995-01-13T00:00:00.000,trm
843.7,1995-01-14T00:00:00.000,trm
846.61,1995-01-17T00:00:00.000,trm
847.61,1995-01-18T00:00:00.000,trm
850.26,1995-01-19T00:00:00.000,trm
852.68,1995-01-20T00:00:00.000,trm
855.54,1995-01-21T00:00:00.000,trm
855.49,1995-01-24T00:00:00.000,trm
856.65,1995-01-25T00:00:00.000,trm
857.56,1995-01-26T00:00:00.000,trm
859.3,1995-01-27T00:00:00.000,trm
857.83,1995-01-28T00:00:00.000,trm
856.41,1995-01-31T00:00:00.000,trm
857.16,1995-02-01T00:00:00.000,trm
855.76,1995-02-02T00:00:00.000,trm
852.22,1995-02-03T00:00:00.000,trm
848.82,1995-02-04T00:00:00.000,trm
848.27,1995-02-07T00:00:00.000,trm
848.43,1995-02-08T00:00:00.000,trm
847.04,1995-02-09T00:00:00.000,trm
845.73,1995-02-10T00:00:00.000,trm
845.37,1995-02-11T00:00:00.000,trm
846.2,1995-02-14T00:00:00.000,trm
848.15,1995-02-15T00:00:00.000,trm
848.52,1995-02-16T00:00:00.000,trm
848.9,1995-02-17T00:00:00.000,trm
849.41,1995-02-18T00:00:00.000,trm
851.88,1995-02-21T00:00:00.000,trm
853.63,1995-02-22T00:00:00.000,trm
855.32,1995-02-23T00:00:00.000,trm
855.48,1995-02-24T00:00:00.000,trm
854.71,1995-02-25T00:00:00.000,trm
856.99,1995-02-28T00:00:00.000,trm
857.85,1995-03-01T00:00:00.000,trm
858.87,1995-03-02T00:00:00.000,trm
861.33,1995-03-03T00:00:00.000,trm
859.65,1995-03-04T00:00:00.000,trm
858.95,1995-03-07T00:00:00.000,trm
861.13,1995-03-08T00:00:00.000,trm
862.41,1995-03-09T00:00:00.000,trm
863.06,1995-03-10T00:00:00.000,trm
865.36,1995-03-11T00:00:00.000,trm
865.92,1995-03-14T00:00:00.000,trm
866.96,1995-03-15T00:00:00.000,trm
866.4,1995-03-16T00:00:00.000,trm
865.63,1995-03-17T00:00:00.000,trm
863.77,1995-03-18T00:00:00.000,trm
863.77,1995-03-21T00:00:00.000,trm
865.89,1995-03-22T00:00:00.000,trm
867.81,1995-03-23T00:00:00.000,trm
868.95,1995-03-24T00:00:00.000,trm
869.22,1995-03-25T00:00:00.000,trm
870.14,1995-03-28T00:00:00.000,trm
872.57,1995-03-29T00:00:00.000,trm
876.21,1995-03-30T00:00:00.000,trm
880.23,1995-03-31T00:00:00.000,trm
878.18,1995-04-01T00:00:00.000,trm
876.0,1995-04-04T00:00:00.000,trm
874.3,1995-04-05T00:00:00.000,trm
871.6,1995-04-06T00:00:00.000,trm
868.96,1995-04-07T00:00:00.000,trm
869.15,1995-04-08T00:00:00.000,trm
866.78,1995-04-11T00:00:00.000,trm
868.8,1995-04-12T00:00:00.000,trm
866.25,1995-04-13T00:00:00.000,trm
866.25,1995-04-14T00:00:00.000,trm
866.25,1995-04-15T00:00:00.000,trm
871.87,1995-04-18T00:00:00.000,trm
874.37,1995-04-19T00:00:00.000,trm
874.35,1995-04-20T00:00:00.000,trm
877.38,1995-04-21T00:00:00.000,trm
876.55,1995-04-22T00:00:00.000,trm
878.2,1995-04-25T00:00:00.000,trm
876.32,1995-04-26T00:00:00.000,trm
875.78,1995-04-27T00:00:00.000,trm
876.21,1995-04-28T00:00:00.000,trm
877.9,1995-04-29T00:00:00.000,trm
877.9,1995-05-02T00:00:00.000,trm
880.63,1995-05-03T00:00:00.000,trm
882.97,1995-05-04T00:00:00.000,trm
882.24,1995-05-05T00:00:00.000,trm
881.07,1995-05-06T00:00:00.000,trm
881.33,1995-05-09T00:00:00.000,trm
878.87,1995-05-10T00:00:00.000,trm
880.25,1995-05-11T00:00:00.000,trm
881.07,1995-05-12T00:00:00.000,trm
879.35,1995-05-13T00:00:00.000,trm
877.45,1995-05-16T00:00:00.000,trm
875.17,1995-05-17T00:00:00.000,trm
874.74,1995-05-18T00:00:00.000,trm
875.75,1995-05-19T00:00:00.000,trm
873.52,1995-05-20T00:00:00.000,trm
871.11,1995-05-23T00:00:00.000,trm
869.95,1995-05-24T00:00:00.000,trm
870.55,1995-05-25T00:00:00.000,trm
872.96,1995-05-26T00:00:00.000,trm
872.66,1995-05-27T00:00:00.000,trm
872.66,1995-05-30T00:00:00.000,trm
876.36,1995-05-31T00:00:00.000,trm
876.62,1995-06-01T00:00:00.000,trm
877.22,1995-06-02T00:00:00.000,trm
875.99,1995-06-03T00:00:00.000,trm
874.81,1995-06-06T00:00:00.000,trm
873.06,1995-06-07T00:00:00.000,trm
871.02,1995-06-08T00:00:00.000,trm
871.93,1995-06-09T00:00:00.000,trm
871.94,1995-06-10T00:00:00.000,trm
873.74,1995-06-13T00:00:00.000,trm
875.28,1995-06-14T00:00:00.000,trm
873.78,1995-06-15T00:00:00.000,trm
872.54,1995-06-16T00:00:00.000,trm
873.91,1995-06-17T00:00:00.000,trm
873.91,1995-06-20T00:00:00.000,trm
875.59,1995-06-21T00:00:00.000,trm
875.32,1995-06-22T00:00:00.000,trm
874.81,1995-06-23T00:00:00.000,trm
873.64,1995-06-24T00:00:00.000,trm
873.64,1995-06-27T00:00:00.000,trm
875.95,1995-06-28T00:00:00.000,trm
878.8,1995-06-29T00:00:00.000,trm
881.23,1995-06-30T00:00:00.000,trm
880.49,1995-07-01T00:00:00.000,trm
880.49,1995-07-04T00:00:00.000,trm
883.81,1995-07-05T00:00:00.000,trm
887.3,1995-07-06T00:00:00.000,trm
891.28,1995-07-07T00:00:00.000,trm
891.44,1995-07-08T00:00:00.000,trm
897.12,1995-07-11T00:00:00.000,trm
897.51,1995-07-12T00:00:00.000,trm
895.84,1995-07-13T00:00:00.000,trm
892.82,1995-07-14T00:00:00.000,trm
893.36,1995-07-15T00:00:00.000,trm
891.76,1995-07-18T00:00:00.000,trm
894.03,1995-07-19T00:00:00.000,trm
894.5,1995-07-20T00:00:00.000,trm
894.5,1995-07-21T00:00:00.000,trm
894.98,1995-07-22T00:00:00.000,trm
896.68,1995-07-25T00:00:00.000,trm
897.32,1995-07-26T00:00:00.000,trm
897.77,1995-07-27T00:00:00.000,trm
895.56,1995-07-28T00:00:00.000,trm
897.63,1995-07-29T00:00:00.000,trm
898.35,1995-08-01T00:00:00.000,trm
900.78,1995-08-02T00:00:00.000,trm
905.53,1995-08-03T00:00:00.000,trm
917.53,1995-08-04T00:00:00.000,trm
916.14,1995-08-05T00:00:00.000,trm
916.14,1995-08-08T00:00:00.000,trm
920.1,1995-08-09T00:00:00.000,trm
919.32,1995-08-10T00:00:00.000,trm
917.13,1995-08-11T00:00:00.000,trm
919.13,1995-08-12T00:00:00.000,trm
922.21,1995-08-15T00:00:00.000,trm
928.25,1995-08-16T00:00:00.000,trm
944.55,1995-08-17T00:00:00.000,trm
947.22,1995-08-18T00:00:00.000,trm
946.83,1995-08-19T00:00:00.000,trm
946.83,1995-08-22T00:00:00.000,trm
949.51,1995-08-23T00:00:00.000,trm
955.12,1995-08-24T00:00:00.000,trm
962.6,1995-08-25T00:00:00.000,trm
970.65,1995-08-26T00:00:00.000,trm
972.03,1995-08-29T00:00:00.000,trm
963.93,1995-08-30T00:00:00.000,trm
960.19,1995-08-31T00:00:00.000,trm
949.35,1995-09-01T00:00:00.000,trm
948.23,1995-09-02T00:00:00.000,trm
957.54,1995-09-05T00:00:00.000,trm
958.46,1995-09-06T00:00:00.000,trm
953.63,1995-09-07T00:00:00.000,trm
954.64,1995-09-08T00:00:00.000,trm
958.31,1995-09-09T00:00:00.000,trm
958.59,1995-09-12T00:00:00.000,trm
959.18,1995-09-13T00:00:00.000,trm
959.15,1995-09-14T00:00:00.000,trm
960.25,1995-09-15T00:00:00.000,trm
960.91,1995-09-16T00:00:00.000,trm
962.5,1995-09-19T00:00:00.000,trm
970.08,1995-09-20T00:00:00.000,trm
974.88,1995-09-21T00:00:00.000,trm
974.23,1995-09-22T00:00:00.000,trm
975.9,1995-09-23T00:00:00.000,trm
977.35,1995-09-26T00:00:00.000,trm
980.54,1995-09-27T00:00:00.000,trm
981.09,1995-09-28T00:00:00.000,trm
972.8,1995-09-29T00:00:00.000,trm
966.78,1995-09-30T00:00:00.000,trm
971.22,1995-10-03T00:00:00.000,trm
976.76,1995-10-04T00:00:00.000,trm
972.75,1995-10-05T00:00:00.000,trm
972.93,1995-10-06T00:00:00.000,trm
979.16,1995-10-07T00:00:00.000,trm
982.84,1995-10-10T00:00:00.000,trm
981.45,1995-10-11T00:00:00.000,trm
981.26,1995-10-12T00:00:00.000,trm
984.88,1995-10-13T00:00:00.000,trm
987.0,1995-10-14T00:00:00.000,trm
987.0,1995-10-17T00:00:00.000,trm
990.52,1995-10-18T00:00:00.000,trm
991.22,1995-10-19T00:00:00.000,trm
991.52,1995-10-20T00:00:00.000,trm
988.96,1995-10-21T00:00:00.000,trm
991.98,1995-10-24T00:00:00.000,trm
993.68,1995-10-25T00:00:00.000,trm
994.77,1995-10-26T00:00:00.000,trm
995.01,1995-10-27T00:00:00.000,trm
994.99,1995-10-28T00:00:00.000,trm
994.5,1995-10-31T00:00:00.000,trm
996.76,1995-11-01T00:00:00.000,trm
996.96,1995-11-02T00:00:00.000,trm
998.18,1995-11-03T00:00:00.000,trm
998.49,1995-11-04T00:00:00.000,trm
998.49,1995-11-07T00:00:00.000,trm
999.51,1995-11-08T00:00:00.000,trm
999.73,1995-11-09T00:00:00.000,trm
1000.13,1995-11-10T00:00:00.000,trm
999.77,1995-11-11T00:00:00.000,trm
999.77,1995-11-14T00:00:00.000,trm
1001.14,1995-11-15T00:00:00.000,trm
1001.62,1995-11-16T00:00:00.000,trm
1002.25,1995-11-17T00:00:00.000,trm
1002.63,1995-11-18T00:00:00.000,trm
1003.44,1995-11-21T00:00:00.000,trm
1003.47,1995-11-22T00:00:00.000,trm
1002.49,1995-11-23T00:00:00.000,trm
1001.23,1995-11-24T00:00:00.000,trm
1000.69,1995-11-25T00:00:00.000,trm
1003.24,1995-11-28T00:00:00.000,trm
1001.73,1995-11-29T00:00:00.000,trm
998.16,1995-11-30T00:00:00.000,trm
998.15,1995-12-01T00:00:00.000,trm
997.87,1995-12-02T00:00:00.000,trm
3646.58,2026-05-29T00:00:00.000,ise
3631.57,2026-05-28T00:00:00.000,ise
3644.47,2026-05-27T00:00:00.000,ise
3667.06,2026-05-23T00:00:00.000,ise
3701.37,2026-05-22T00:00:00.000,ise
3730.49,2026-05-21T00:00:00.000,ise
3796.87,2026-05-20T00:00:00.000,ise
3796.78,2026-05-16T00:00:00.000,ise
3784.7,2026-05-15T00:00:00.000,ise
3794.91,2026-05-14T00:00:00.000,ise
3775.07,2026-05-13T00:00:00.000,ise
3759.0,2026-05-12T00:00:00.000,ise
3747.1,2026-05-09T00:00:00.000,ise
3729.27,2026-05-08T00:00:00.000,ise
3706.44,2026-05-07T00:00:00.000,ise
3723.33,2026-05-06T00:00:00.000,ise
3707.58,2026-05-05T00:00:00.000,ise
3637.51,2026-05-01T00:00:00.000,ise
3621.86,2026-04-30T00:00:00.000,ise
3633.76,2026-04-29T00:00:00.000,ise
3593.17,2026-04-28T00:00:00.000,ise
3551.17,2026-04-25T00:00:00.000,ise
3560.62,2026-04-24T00:00:00.000,ise
3568.88,2026-04-23T00:00:00.000,ise
3576.05,2026-04-22T00:00:00.000,ise
3573.3,2026-04-21T00:00:00.000,ise
3593.14,2026-04-18T00:00:00.000,ise
3615.1,2026-04-17T00:00:00.000,ise
3603.19,2026-04-16T00:00:00.000,ise
3578.82,2026-04-15T00:00:00.000,ise
3608.1,2026-04-14T00:00:00.000,ise
3631.49,2026-04-11T00:00:00.000,ise
3642.93,2026-04-10T00:00:00.000,ise
3640.63,2026-04-09T00:00:00.000,ise
3678.19,2026-04-08T00:00:00.000,ise
3664.41,2026-04-07T00:00:00.000,ise
3675.81,2026-04-02T00:00:00.000,ise
3660.1,2026-04-01T00:00:00.000,ise
3669.96,2026-03-31T00:00:00.000,ise
3668.89,2026-03-28T00:00:00.000,ise
3675.29,2026-03-27T00:00:00.000,ise
3688.46,2026-03-26T00:00:00.000,ise
3700.67,2026-03-25T00:00:00.000,ise
3704.87,2026-03-21T00:00:00.000,ise
3692.48,2026-03-20T00:00:00.000,ise
3704.17,2026-03-19T00:00:00.000,ise
3689.97,2026-03-18T00:00:00.000,ise
3691.9,2026-03-17T00:00:00.000,ise
3685.53,2026-03-14T00:00:00.000,ise
3700.46,2026-03-13T00:00:00.000,ise
3687.87,2026-03-12T00:00:00.000,ise
3710.5,2026-03-11T00:00:00.000,ise
3744.84,2026-03-10T00:00:00.000,ise
3795.55,2026-03-07T00:00:00.000,ise
3767.94,2026-03-06T00:00:00.000,ise
3751.41,2026-03-05T00:00:00.000,ise
3797.64,2026-03-04T00:00:00.000,ise
3768.73,2026-03-03T00:00:00.000,ise
3766.3,2026-02-28T00:00:00.000,ise
3745.78,2026-02-27T00:00:00.000,ise
3703.69,2026-02-26T00:00:00.000,ise
3703.28,2026-02-25T00:00:00.000,ise
3697.36,2026-02-24T00:00:00.000,ise
3691.34,2026-02-21T00:00:00.000,ise
3695.72,2026-02-20T00:00:00.000,ise
3669.21,2026-02-19T00:00:00.000,ise
3664.26,2026-02-18T00:00:00.000,ise
3652.89,2026-02-14T00:00:00.000,ise
3665.78,2026-02-13T00:00:00.000,ise
3671.01,2026-02-12T00:00:00.000,ise
3659.71,2026-02-11T00:00:00.000,ise
3651.9,2026-02-10T00:00:00.000,ise
3670.2,2026-02-07T00:00:00.000,ise
3691.75,2026-02-06T00:00:00.000,ise
3644.93,2026-02-05T00:00:00.000,ise
3622.0,2026-02-04T00:00:00.000,ise
3628.16,2026-02-03T00:00:00.000,ise
3670.47,2026-01-31T00:00:00.000,ise
3661.29,2026-01-30T00:00:00.000,ise
3665.97,2026-01-29T00:00:00.000,ise
3678.59,2026-01-28T00:00:00.000,ise
3676.02,2026-01-27T00:00:00.000,ise
3637.88,2026-01-24T00:00:00.000,ise
3630.33,2026-01-23T00:00:00.000,ise
3669.15,2026-01-22T00:00:00.000,ise
3682.97,2026-01-21T00:00:00.000,ise
3700.05,2026-01-17T00:00:00.000,ise
3687.32,2026-01-16T00:00:00.000,ise
3655.16,2026-01-15T00:00:00.000,ise
3663.24,2026-01-14T00:00:00.000,ise
3717.09,2026-01-10T00:00:00.000,ise
3734.67,2026-01-09T00:00:00.000,ise
3748.83,2026-01-08T00:00:00.000,ise
3730.26,2026-01-07T00:00:00.000,ise
3770.03,2026-01-06T00:00:00.000,ise
3790.77,2026-01-03T00:00:00.000,ise
3757.08,2025-12-31T00:00:00.000,ise
3706.97,2025-12-30T00:00:00.000,ise
3716.05,2025-12-27T00:00:00.000,ise
3706.94,2025-12-25T00:00:00.000,ise
3759.48,2025-12-24T00:00:00.000,ise
3792.59,2025-12-23T00:00:00.000,ise
3817.93,2025-12-20T00:00:00.000,ise
3874.71,2025-12-19T00:00:00.000,ise
3866.77,2025-12-18T00:00:00.000,ise
3847.1,2025-12-17T00:00:00.000,ise
3817.59,2025-12-16T00:00:00.000,ise
3788.53,2025-12-13T00:00:00.000,ise
3810.99,2025-12-12T00:00:00.000,ise
3854.28,2025-12-11T00:00:00.000,ise
3861.34,2025-12-10T00:00:00.000,ise
3830.02,2025-12-06T00:00:00.000,ise
3757.92,2025-12-05T00:00:00.000,ise
3780.8,2025-12-04T00:00:00.000,ise
3817.66,2025-12-03T00:00:00.000,ise
3784.43,2025-12-02T00:00:00.000,ise
3744.43,2025-11-29T00:00:00.000,ise
3773.6,2025-11-27T00:00:00.000,ise
3806.16,2025-11-26T00:00:00.000,ise
3804.09,2025-11-25T00:00:00.000,ise
3808.77,2025-11-22T00:00:00.000,ise
3741.27,2025-11-21T00:00:00.000,ise
3716.73,2025-11-20T00:00:00.000,ise
3737.55,2025-11-19T00:00:00.000,ise
3764.77,2025-11-15T00:00:00.000,ise
3719.6,2025-11-14T00:00:00.000,ise
3719.71,2025-11-13T00:00:00.000,ise
3760.93,2025-11-11T00:00:00.000,ise
3779.2,2025-11-08T00:00:00.000,ise
3807.06,2025-11-07T00:00:00.000,ise
3839.47,2025-11-06T00:00:00.000,ise
3872.47,2025-11-05T00:00:00.000,ise
3860.12,2025-11-01T00:00:00.000,ise
3870.42,2025-10-31T00:00:00.000,ise
3885.29,2025-10-30T00:00:00.000,ise
3874.84,2025-10-29T00:00:00.000,ise
3844.2,2025-10-28T00:00:00.000,ise
3858.63,2025-10-25T00:00:00.000,ise
3888.76,2025-10-24T00:00:00.000,ise
3900.82,2025-10-23T00:00:00.000,ise
3876.6,2025-10-22T00:00:00.000,ise
3877.26,2025-10-21T00:00:00.000,ise
3808.12,2025-10-18T00:00:00.000,ise
3877.07,2025-10-17T00:00:00.000,ise
3902.16,2025-10-16T00:00:00.000,ise
3933.31,2025-10-15T00:00:00.000,ise
3913.24,2025-10-11T00:00:00.000,ise
3894.99,2025-10-10T00:00:00.000,ise
3879.8,2025-10-09T00:00:00.000,ise
3867.54,2025-10-08T00:00:00.000,ise
3853.19,2025-10-07T00:00:00.000,ise
3874.18,2025-10-04T00:00:00.000,ise
3897.64,2025-10-03T00:00:00.000,ise
3890.0,2025-10-02T00:00:00.000,ise
3923.55,2025-10-01T00:00:00.000,ise
3901.29,2025-09-30T00:00:00.000,ise
3908.12,2025-09-27T00:00:00.000,ise
3898.87,2025-09-26T00:00:00.000,ise
3881.26,2025-09-25T00:00:00.000,ise
3844.47,2025-09-24T00:00:00.000,ise
3852.16,2025-09-23T00:00:00.000,ise
3891.19,2025-09-20T00:00:00.000,ise
3892.45,2025-09-19T00:00:00.000,ise
3880.01,2025-09-18T00:00:00.000,ise
3881.92,2025-09-17T00:00:00.000,ise
3897.57,2025-09-16T00:00:00.000,ise
3906.24,2025-09-13T00:00:00.000,ise
3903.18,2025-09-12T00:00:00.000,ise
3921.58,2025-09-11T00:00:00.000,ise
3919.13,2025-09-10T00:00:00.000,ise
3945.29,2025-09-09T00:00:00.000,ise
3960.94,2025-09-06T00:00:00.000,ise
3991.09,2025-09-05T00:00:00.000,ise
4002.86,2025-09-04T00:00:00.000,ise
4016.94,2025-09-03T00:00:00.000,ise
4018.41,2025-08-30T00:00:00.000,ise
4019.09,2025-08-29T00:00:00.000,ise
4051.97,2025-08-28T00:00:00.000,ise
4044.51,2025-08-27T00:00:00.000,ise
4017.44,2025-08-26T00:00:00.000,ise
4008.7,2025-08-23T00:00:00.000,ise
4034.18,2025-08-22T00:00:00.000,ise
4025.51,2025-08-21T00:00:00.000,ise
4036.42,2025-08-20T00:00:00.000,ise
4019.24,2025-08-16T00:00:00.000,ise
4048.74,2025-08-15T00:00:00.000,ise
4020.64,2025-08-14T00:00:00.000,ise
4017.12,2025-08-13T00:00:00.000,ise
4045.87,2025-08-12T00:00:00.000,ise
4034.74,2025-08-09T00:00:00.000,ise
4049.35,2025-08-07T00:00:00.000,ise
4093.12,2025-08-06T00:00:00.000,ise
4097.38,2025-08-05T00:00:00.000,ise
4129.42,2025-08-02T00:00:00.000,ise
4186.71,2025-08-01T00:00:00.000,ise
4179.69,2025-07-31T00:00:00.000,ise
4154.79,2025-07-30T00:00:00.000,ise
4170.59,2025-07-29T00:00:00.000,ise
4110.48,2025-07-26T00:00:00.000,ise
4063.31,2025-07-25T00:00:00.000,ise
4052.86,2025-07-24T00:00:00.000,ise
4061.36,2025-07-23T00:00:00.000,ise
4026.27,2025-07-22T00:00:00.000,ise
4000.61,2025-07-19T00:00:00.000,ise
4016.44,2025-07-18T00:00:00.000,ise
4031.86,2025-07-17T00:00:00.000,ise
4015.04,2025-07-16T00:00:00.000,ise
4011.79,2025-07-15T00:00:00.000,ise
4003.9,2025-07-12T00:00:00.000,ise
4013.5,2025-07-11T00:00:00.000,ise
4026.09,2025-07-10T00:00:00.000,ise
4054.13,2025-07-09T00:00:00.000,ise
4022.29,2025-07-08T00:00:00.000,ise
3974.37,2025-07-04T00:00:00.000,ise
4006.46,2025-07-03T00:00:00.000,ise
4047.71,2025-07-02T00:00:00.000,ise
4069.67,2025-06-28T00:00:00.000,ise
4042.87,2025-06-27T00:00:00.000,ise
4067.64,2025-06-26T00:00:00.000,ise
4081.15,2025-06-25T00:00:00.000,ise
4080.06,2025-06-21T00:00:00.000,ise
4076.32,2025-06-19T00:00:00.000,ise
4098.83,2025-06-18T00:00:00.000,ise
4096.44,2025-06-17T00:00:00.000,ise
4147.34,2025-06-14T00:00:00.000,ise
4169.13,2025-06-13T00:00:00.000,ise
4190.61,2025-06-12T00:00:00.000,ise
4190.9,2025-06-11T00:00:00.000,ise
4138.53,2025-06-10T00:00:00.000,ise
4138.72,2025-06-07T00:00:00.000,ise
4097.66,2025-06-06T00:00:00.000,ise
4107.85,2025-06-05T00:00:00.000,ise
4136.71,2025-06-04T00:00:00.000,ise
4148.72,2025-05-31T00:00:00.000,ise
4106.79,2025-05-30T00:00:00.000,ise
4126.44,2025-05-29T00:00:00.000,ise
4128.15,2025-05-28T00:00:00.000,ise
4165.41,2025-05-24T00:00:00.000,ise
4176.54,2025-05-23T00:00:00.000,ise
4169.47,2025-05-22T00:00:00.000,ise
4172.76,2025-05-21T00:00:00.000,ise
4168.03,2025-05-20T00:00:00.000,ise
4194.28,2025-05-17T00:00:00.000,ise
4196.66,2025-05-16T00:00:00.000,ise
4194.18,2025-05-15T00:00:00.000,ise
4204.63,2025-05-14T00:00:00.000,ise
4218.6,2025-05-13T00:00:00.000,ise
4239.23,2025-05-10T00:00:00.000,ise
4260.22,2025-05-09T00:00:00.000,ise
4306.79,2025-05-08T00:00:00.000,ise
4305.02,2025-05-07T00:00:00.000,ise
4283.62,2025-05-06T00:00:00.000,ise
4243.8,2025-05-03T00:00:00.000,ise
4222.25,2025-05-01T00:00:00.000,ise
4198.83,2025-04-30T00:00:00.000,ise
4227.32,2025-04-29T00:00:00.000,ise
4239.62,2025-04-26T00:00:00.000,ise
4274.57,2025-04-25T00:00:00.000,ise
4298.31,2025-04-24T00:00:00.000,ise
4283.22,2025-04-23T00:00:00.000,ise
4272.83,2025-04-22T00:00:00.000,ise
4306.54,2025-04-17T00:00:00.000,ise
4329.9,2025-04-16T00:00:00.000,ise
4286.17,2025-04-15T00:00:00.000,ise
4338.36,2025-04-12T00:00:00.000,ise
4351.55,2025-04-11T00:00:00.000,ise
4416.69,2025-04-10T00:00:00.000,ise
4387.98,2025-04-09T00:00:00.000,ise
4374.53,2025-04-08T00:00:00.000,ise
4274.03,2025-04-05T00:00:00.000,ise
4130.01,2025-04-04T00:00:00.000,ise
4146.07,2025-04-03T00:00:00.000,ise
4149.24,2025-04-02T00:00:00.000,ise
4191.79,2025-04-01T00:00:00.000,ise
4192.57,2025-03-29T00:00:00.000,ise
4152.59,2025-03-28T00:00:00.000,ise
4131.42,2025-03-27T00:00:00.000,ise
4107.14,2025-03-26T00:00:00.000,ise
4168.82,2025-03-22T00:00:00.000,ise
4187.72,2025-03-21T00:00:00.000,ise
4143.14,2025-03-20T00:00:00.000,ise
4126.03,2025-03-19T00:00:00.000,ise
4076.7,2025-03-18T00:00:00.000,ise
4102.67,2025-03-15T00:00:00.000,ise
4114.18,2025-03-14T00:00:00.000,ise
4110.08,2025-03-13T00:00:00.000,ise
4152.76,2025-03-12T00:00:00.000,ise
4161.96,2025-03-11T00:00:00.000,ise
4116.8,2025-03-08T00:00:00.000,ise
4104.56,2025-03-07T00:00:00.000,ise
4125.63,2025-03-06T00:00:00.000,ise
4144.18,2025-03-05T00:00:00.000,ise
4116.61,2025-03-04T00:00:00.000,ise
4134.04,2025-03-01T00:00:00.000,ise
4120.11,2025-02-28T00:00:00.000,ise
4123.1,2025-02-27T00:00:00.000,ise
4126.54,2025-02-26T00:00:00.000,ise
4112.63,2025-02-25T00:00:00.000,ise
4073.56,2025-02-22T00:00:00.000,ise
4077.56,2025-02-21T00:00:00.000,ise
4098.67,2025-02-20T00:00:00.000,ise
4111.38,2025-02-19T00:00:00.000,ise
4100.66,2025-02-15T00:00:00.000,ise
4161.46,2025-02-14T00:00:00.000,ise
4165.07,2025-02-13T00:00:00.000,ise
4153.8,2025-02-12T00:00:00.000,ise
4132.93,2025-02-11T00:00:00.000,ise
4113.7,2025-02-08T00:00:00.000,ise
4150.99,2025-02-07T00:00:00.000,ise
4180.06,2025-02-06T00:00:00.000,ise
4153.54,2025-02-05T00:00:00.000,ise
4198.66,2025-02-04T00:00:00.000,ise
4183.93,2025-02-01T00:00:00.000,ise
4170.01,2025-01-31T00:00:00.000,ise
4195.6,2025-01-30T00:00:00.000,ise
4219.0,2025-01-29T00:00:00.000,ise
4220.86,2025-01-28T00:00:00.000,ise
4188.46,2025-01-25T00:00:00.000,ise
4245.65,2025-01-24T00:00:00.000,ise
4278.01,2025-01-23T00:00:00.000,ise
4307.07,2025-01-22T00:00:00.000,ise
4344.27,2025-01-18T00:00:00.000,ise
4338.15,2025-01-17T00:00:00.000,ise
4294.11,2025-01-16T00:00:00.000,ise
4300.24,2025-01-15T00:00:00.000,ise
4331.23,2025-01-14T00:00:00.000,ise
4343.48,2025-01-11T00:00:00.000,ise
4321.19,2025-01-10T00:00:00.000,ise
4347.42,2025-01-09T00:00:00.000,ise
4342.31,2025-01-08T00:00:00.000,ise
4355.51,2025-01-04T00:00:00.000,ise
4410.5,2025-01-03T00:00:00.000,ise
4409.15,2024-12-31T00:00:00.000,ise
4401.98,2024-12-28T00:00:00.000,ise
4375.86,2024-12-27T00:00:00.000,ise
4380.94,2024-12-25T00:00:00.000,ise
4395.44,2024-12-24T00:00:00.000,ise
4374.62,2024-12-21T00:00:00.000,ise
4394.5,2024-12-20T00:00:00.000,ise
4359.11,2024-12-19T00:00:00.000,ise
4345.32,2024-12-18T00:00:00.000,ise
4324.19,2024-12-17T00:00:00.000,ise
4341.32,2024-12-14T00:00:00.000,ise
4335.2,2024-12-13T00:00:00.000,ise
4361.22,2024-12-12T00:00:00.000,ise
4377.34,2024-12-11T00:00:00.000,ise
4379.71,2024-12-10T00:00:00.000,ise
4396.52,2024-12-07T00:00:00.000,ise
4407.13,2024-12-06T00:00:00.000,ise
4424.56,2024-12-05T00:00:00.000,ise
4443.53,2024-12-04T00:00:00.000,ise
4462.97,2024-12-03T00:00:00.000,ise
4419.59,2024-11-30T00:00:00.000,ise
4406.16,2024-11-28T00:00:00.000,ise
4405.96,2024-11-27T00:00:00.000,ise
4381.99,2024-11-26T00:00:00.000,ise
4418.58,2024-11-23T00:00:00.000,ise
4387.09,2024-11-22T00:00:00.000,ise
4414.06,2024-11-21T00:00:00.000,ise
4401.34,2024-11-20T00:00:00.000,ise
4400.69,2024-11-19T00:00:00.000,ise
4454.68,2024-11-16T00:00:00.000,ise
4475.57,2024-11-15T00:00:00.000,ise
4478.21,2024-11-14T00:00:00.000,ise
4413.79,2024-11-13T00:00:00.000,ise
4346.7,2024-11-09T00:00:00.000,ise
4344.55,2024-11-08T00:00:00.000,ise
4430.4,2024-11-07T00:00:00.000,ise
4421.86,2024-11-06T00:00:00.000,ise
4414.0,2024-11-02T00:00:00.000,ise
4409.57,2024-11-01T00:00:00.000,ise
4413.46,2024-10-31T00:00:00.000,ise
4367.39,2024-10-30T00:00:00.000,ise
4342.9,2024-10-29T00:00:00.000,ise
4316.73,2024-10-26T00:00:00.000,ise
4311.83,2024-10-25T00:00:00.000,ise
4293.91,2024-10-24T00:00:00.000,ise
4262.3,2024-10-23T00:00:00.000,ise
4286.96,2024-10-22T00:00:00.000,ise
4252.15,2024-10-19T00:00:00.000,ise
4263.17,2024-10-18T00:00:00.000,ise
4266.2,2024-10-17T00:00:00.000,ise
4244.84,2024-10-16T00:00:00.000,ise
4192.56,2024-10-12T00:00:00.000,ise
4217.4,2024-10-11T00:00:00.000,ise
4233.17,2024-10-10T00:00:00.000,ise
4233.54,2024-10-09T00:00:00.000,ise
4194.97,2024-10-08T00:00:00.000,ise
4173.66,2024-10-05T00:00:00.000,ise
4197.73,2024-10-04T00:00:00.000,ise
4203.43,2024-10-03T00:00:00.000,ise
4224.21,2024-10-02T00:00:00.000,ise
4178.3,2024-10-01T00:00:00.000,ise
4164.21,2024-09-28T00:00:00.000,ise
4188.11,2024-09-27T00:00:00.000,ise
4192.74,2024-09-26T00:00:00.000,ise
4139.43,2024-09-25T00:00:00.000,ise
4155.31,2024-09-24T00:00:00.000,ise
4156.89,2024-09-21T00:00:00.000,ise
4175.1,2024-09-20T00:00:00.000,ise
4189.46,2024-09-19T00:00:00.000,ise
4239.33,2024-09-18T00:00:00.000,ise
4220.58,2024-09-17T00:00:00.000,ise
4172.13,2024-09-14T00:00:00.000,ise
4236.63,2024-09-13T00:00:00.000,ise
4278.28,2024-09-12T00:00:00.000,ise
4285.61,2024-09-11T00:00:00.000,ise
4220.68,2024-09-10T00:00:00.000,ise
4149.79,2024-09-07T00:00:00.000,ise
4172.5,2024-09-06T00:00:00.000,ise
4185.82,2024-09-05T00:00:00.000,ise
4185.8,2024-09-04T00:00:00.000,ise
4160.31,2024-08-31T00:00:00.000,ise
4132.11,2024-08-30T00:00:00.000,ise
4065.34,2024-08-29T00:00:00.000,ise
4045.64,2024-08-28T00:00:00.000,ise
4023.92,2024-08-27T00:00:00.000,ise
4030.52,2024-08-24T00:00:00.000,ise
4064.03,2024-08-23T00:00:00.000,ise
4013.98,2024-08-22T00:00:00.000,ise
4011.37,2024-08-21T00:00:00.000,ise
4021.63,2024-08-17T00:00:00.000,ise
4014.18,2024-08-16T00:00:00.000,ise
4021.1,2024-08-15T00:00:00.000,ise
4038.87,2024-08-14T00:00:00.000,ise
4063.26,2024-08-13T00:00:00.000,ise
4064.51,2024-08-10T00:00:00.000,ise
4100.79,2024-08-09T00:00:00.000,ise
4136.27,2024-08-07T00:00:00.000,ise
4184.3,2024-08-06T00:00:00.000,ise
4110.37,2024-08-03T00:00:00.000,ise
4057.14,2024-08-02T00:00:00.000,ise
4060.34,2024-08-01T00:00:00.000,ise
4089.05,2024-07-31T00:00:00.000,ise
4059.91,2024-07-30T00:00:00.000,ise
4014.56,2024-07-27T00:00:00.000,ise
4035.0,2024-07-26T00:00:00.000,ise
4047.66,2024-07-25T00:00:00.000,ise
4010.53,2024-07-24T00:00:00.000,ise
4006.01,2024-07-23T00:00:00.000,ise
4040.2,2024-07-20T00:00:00.000,ise
4036.73,2024-07-19T00:00:00.000,ise
4011.19,2024-07-18T00:00:00.000,ise
3977.63,2024-07-17T00:00:00.000,ise
3948.41,2024-07-16T00:00:00.000,ise
3944.97,2024-07-13T00:00:00.000,ise
3968.87,2024-07-12T00:00:00.000,ise
3979.91,2024-07-11T00:00:00.000,ise
4022.05,2024-07-10T00:00:00.000,ise
4052.99,2024-07-09T00:00:00.000,ise
4093.72,2024-07-06T00:00:00.000,ise
4096.09,2024-07-04T00:00:00.000,ise
4130.03,2024-07-03T00:00:00.000,ise
4148.04,2024-06-29T00:00:00.000,ise
4158.1,2024-06-28T00:00:00.000,ise
4133.61,2024-06-27T00:00:00.000,ise
4093.66,2024-06-26T00:00:00.000,ise
4104.38,2024-06-25T00:00:00.000,ise
4143.72,2024-06-22T00:00:00.000,ise
4175.96,2024-06-21T00:00:00.000,ise
4101.87,2024-06-19T00:00:00.000,ise
4144.63,2024-06-18T00:00:00.000,ise
4151.55,2024-06-15T00:00:00.000,ise
4107.52,2024-06-14T00:00:00.000,ise
4023.26,2024-06-13T00:00:00.000,ise
3960.83,2024-06-12T00:00:00.000,ise
3944.14,2024-06-08T00:00:00.000,ise
3938.53,2024-06-07T00:00:00.000,ise
3927.91,2024-06-06T00:00:00.000,ise
3909.65,2024-06-05T00:00:00.000,ise
3860.92,2024-06-01T00:00:00.000,ise
3874.32,2024-05-31T00:00:00.000,ise
3867.02,2024-05-30T00:00:00.000,ise
3853.09,2024-05-29T00:00:00.000,ise
3878.07,2024-05-25T00:00:00.000,ise
3837.58,2024-05-24T00:00:00.000,ise
3829.59,2024-05-23T00:00:00.000,ise
3814.94,2024-05-22T00:00:00.000,ise
3822.39,2024-05-21T00:00:00.000,ise
3832.26,2024-05-18T00:00:00.000,ise
3828.98,2024-05-17T00:00:00.000,ise
3825.42,2024-05-16T00:00:00.000,ise
3861.82,2024-05-15T00:00:00.000,ise
3888.21,2024-05-11T00:00:00.000,ise
3900.38,2024-05-10T00:00:00.000,ise
3902.63,2024-05-09T00:00:00.000,ise
3884.84,2024-05-08T00:00:00.000,ise
3894.23,2024-05-07T00:00:00.000,ise
3895.41,2024-05-04T00:00:00.000,ise
3898.62,2024-05-03T00:00:00.000,ise
3899.07,2024-05-01T00:00:00.000,ise
3873.44,2024-04-30T00:00:00.000,ise
3926.02,2024-04-27T00:00:00.000,ise
3964.59,2024-04-26T00:00:00.000,ise
3935.65,2024-04-25T00:00:00.000,ise
3910.01,2024-04-24T00:00:00.000,ise
3924.82,2024-04-23T00:00:00.000,ise
3937.13,2024-04-20T00:00:00.000,ise
3918.23,2024-04-19T00:00:00.000,ise
3901.94,2024-04-18T00:00:00.000,ise
3938.11,2024-04-17T00:00:00.000,ise
3889.58,2024-04-16T00:00:00.000,ise
3864.97,2024-04-13T00:00:00.000,ise
3820.1,2024-04-12T00:00:00.000,ise
3815.44,2024-04-11T00:00:00.000,ise
3763.43,2024-04-10T00:00:00.000,ise
3768.8,2024-04-09T00:00:00.000,ise
3764.23,2024-04-06T00:00:00.000,ise
3775.37,2024-04-05T00:00:00.000,ise
3812.13,2024-04-04T00:00:00.000,ise
3845.22,2024-04-03T00:00:00.000,ise
3863.05,2024-04-02T00:00:00.000,ise
3842.3,2024-03-28T00:00:00.000,ise
3865.97,2024-03-27T00:00:00.000,ise
3901.51,2024-03-23T00:00:00.000,ise
3888.02,2024-03-22T00:00:00.000,ise
3886.94,2024-03-21T00:00:00.000,ise
3894.37,2024-03-20T00:00:00.000,ise
3880.59,2024-03-19T00:00:00.000,ise
3884.64,2024-03-16T00:00:00.000,ise
3899.39,2024-03-15T00:00:00.000,ise
3908.02,2024-03-14T00:00:00.000,ise
3919.86,2024-03-13T00:00:00.000,ise
3907.81,2024-03-12T00:00:00.000,ise
3905.45,2024-03-09T00:00:00.000,ise
3920.79,2024-03-08T00:00:00.000,ise
3932.55,2024-03-07T00:00:00.000,ise
3945.32,2024-03-06T00:00:00.000,ise
3948.67,2024-03-05T00:00:00.000,ise
3934.82,2024-03-02T00:00:00.000,ise
3931.31,2024-03-01T00:00:00.000,ise
3933.56,2024-02-29T00:00:00.000,ise
3935.59,2024-02-28T00:00:00.000,ise
3963.08,2024-02-27T00:00:00.000,ise
3949.36,2024-02-24T00:00:00.000,ise
3935.64,2024-02-23T00:00:00.000,ise
3930.26,2024-02-22T00:00:00.000,ise
3912.97,2024-02-21T00:00:00.000,ise
3917.84,2024-02-17T00:00:00.000,ise
3909.89,2024-02-16T00:00:00.000,ise
3916.61,2024-02-15T00:00:00.000,ise
3929.0,2024-02-14T00:00:00.000,ise
3915.28,2024-02-13T00:00:00.000,ise
3926.08,2024-02-10T00:00:00.000,ise
3954.68,2024-02-09T00:00:00.000,ise
3962.23,2024-02-08T00:00:00.000,ise
3950.57,2024-02-07T00:00:00.000,ise
3975.74,2024-02-06T00:00:00.000,ise
3928.11,2024-02-03T00:00:00.000,ise
3889.05,2024-02-02T00:00:00.000,ise
3915.56,2024-02-01T00:00:00.000,ise
3925.6,2024-01-31T00:00:00.000,ise
3918.93,2024-01-30T00:00:00.000,ise
3925.26,2024-01-27T00:00:00.000,ise
3932.96,2024-01-26T00:00:00.000,ise
3929.95,2024-01-25T00:00:00.000,ise
3934.62,2024-01-24T00:00:00.000,ise
3904.49,2024-01-23T00:00:00.000,ise
3916.39,2024-01-20T00:00:00.000,ise
3939.89,2024-01-19T00:00:00.000,ise
3969.5,2024-01-18T00:00:00.000,ise
3940.85,2024-01-17T00:00:00.000,ise
3901.38,2024-01-13T00:00:00.000,ise
3929.79,2024-01-12T00:00:00.000,ise
3946.39,2024-01-11T00:00:00.000,ise
3934.13,2024-01-10T00:00:00.000,ise
3912.93,2024-01-06T00:00:00.000,ise
3927.64,2024-01-05T00:00:00.000,ise
3914.6,2024-01-04T00:00:00.000,ise
3895.53,2024-01-03T00:00:00.000,ise
3822.05,2023-12-29T00:00:00.000,ise
3844.81,2023-12-28T00:00:00.000,ise
3871.45,2023-12-27T00:00:00.000,ise
3915.43,2023-12-23T00:00:00.000,ise
3943.03,2023-12-22T00:00:00.000,ise
3948.54,2023-12-21T00:00:00.000,ise
3925.77,2023-12-20T00:00:00.000,ise
3932.59,2023-12-19T00:00:00.000,ise
3956.76,2023-12-16T00:00:00.000,ise
3955.88,2023-12-15T00:00:00.000,ise
3999.43,2023-12-14T00:00:00.000,ise
3990.88,2023-12-13T00:00:00.000,ise
3982.5,2023-12-12T00:00:00.000,ise
3998.51,2023-12-08T00:00:00.000,ise
3989.55,2023-12-07T00:00:00.000,ise
4023.21,2023-12-06T00:00:00.000,ise
3999.91,2023-12-05T00:00:00.000,ise
3983.15,2023-12-02T00:00:00.000,ise
4045.22,2023-12-01T00:00:00.000,ise
3980.67,2023-11-30T00:00:00.000,ise
3957.77,2023-11-29T00:00:00.000,ise
3989.89,2023-11-28T00:00:00.000,ise
4044.51,2023-11-25T00:00:00.000,ise
4092.33,2023-11-23T00:00:00.000,ise
4060.15,2023-11-22T00:00:00.000,ise
4033.83,2023-11-21T00:00:00.000,ise
4116.59,2023-11-18T00:00:00.000,ise
4077.44,2023-11-17T00:00:00.000,ise
3976.84,2023-11-16T00:00:00.000,ise
3963.57,2023-11-15T00:00:00.000,ise
4037.19,2023-11-11T00:00:00.000,ise
4056.94,2023-11-10T00:00:00.000,ise
4065.79,2023-11-09T00:00:00.000,ise
4005.06,2023-11-08T00:00:00.000,ise
3975.09,2023-11-04T00:00:00.000,ise
4047.11,2023-11-03T00:00:00.000,ise
4117.71,2023-11-02T00:00:00.000,ise
4114.29,2023-11-01T00:00:00.000,ise
4060.83,2023-10-31T00:00:00.000,ise
4120.62,2023-10-28T00:00:00.000,ise
4154.94,2023-10-27T00:00:00.000,ise
4201.53,2023-10-26T00:00:00.000,ise
4213.97,2023-10-25T00:00:00.000,ise
4221.39,2023-10-24T00:00:00.000,ise
4238.85,2023-10-21T00:00:00.000,ise
4249.71,2023-10-20T00:00:00.000,ise
4227.39,2023-10-19T00:00:00.000,ise
4222.09,2023-10-18T00:00:00.000,ise
4249.0,2023-10-14T00:00:00.000,ise
4230.61,2023-10-13T00:00:00.000,ise
4212.5,2023-10-12T00:00:00.000,ise
4231.97,2023-10-11T00:00:00.000,ise
4386.66,2023-10-07T00:00:00.000,ise
4359.4,2023-10-06T00:00:00.000,ise
4252.09,2023-10-05T00:00:00.000,ise
4187.01,2023-10-04T00:00:00.000,ise
4141.43,2023-10-03T00:00:00.000,ise
4053.76,2023-09-30T00:00:00.000,ise
4085.57,2023-09-29T00:00:00.000,ise
4093.6,2023-09-28T00:00:00.000,ise
4068.73,2023-09-27T00:00:00.000,ise
4052.54,2023-09-26T00:00:00.000,ise
3948.7,2023-09-23T00:00:00.000,ise
3948.25,2023-09-22T00:00:00.000,ise
3907.21,2023-09-21T00:00:00.000,ise
3902.54,2023-09-20T00:00:00.000,ise
3905.95,2023-09-19T00:00:00.000,ise
3928.28,2023-09-16T00:00:00.000,ise
3926.59,2023-09-15T00:00:00.000,ise
3950.92,2023-09-14T00:00:00.000,ise
3993.53,2023-09-13T00:00:00.000,ise
3997.74,2023-09-12T00:00:00.000,ise
4012.26,2023-09-09T00:00:00.000,ise
4045.83,2023-09-08T00:00:00.000,ise
4093.04,2023-09-07T00:00:00.000,ise
4089.46,2023-09-06T00:00:00.000,ise
4063.36,2023-09-02T00:00:00.000,ise
4099.2,2023-09-01T00:00:00.000,ise
4085.33,2023-08-31T00:00:00.000,ise
4110.08,2023-08-30T00:00:00.000,ise
4111.52,2023-08-29T00:00:00.000,ise
4117.78,2023-08-26T00:00:00.000,ise
4076.9,2023-08-25T00:00:00.000,ise
4085.89,2023-08-24T00:00:00.000,ise
4120.07,2023-08-23T00:00:00.000,ise
4124.04,2023-08-19T00:00:00.000,ise
4093.96,2023-08-18T00:00:00.000,ise
4130.33,2023-08-17T00:00:00.000,ise
4096.08,2023-08-16T00:00:00.000,ise
4029.95,2023-08-15T00:00:00.000,ise
3973.41,2023-08-12T00:00:00.000,ise
3955.23,2023-08-11T00:00:00.000,ise
4031.65,2023-08-10T00:00:00.000,ise
4076.46,2023-08-09T00:00:00.000,ise
4077.9,2023-08-05T00:00:00.000,ise
4144.79,2023-08-04T00:00:00.000,ise
4056.99,2023-08-03T00:00:00.000,ise
4007.44,2023-08-02T00:00:00.000,ise
3898.48,2023-08-01T00:00:00.000,ise
3923.49,2023-07-29T00:00:00.000,ise
3932.04,2023-07-28T00:00:00.000,ise
3951.1,2023-07-27T00:00:00.000,ise
3978.83,2023-07-26T00:00:00.000,ise
3950.58,2023-07-25T00:00:00.000,ise
3971.38,2023-07-22T00:00:00.000,ise
3980.2,2023-07-20T00:00:00.000,ise
3991.15,2023-07-19T00:00:00.000,ise
4069.39,2023-07-18T00:00:00.000,ise
4089.3,2023-07-15T00:00:00.000,ise
4102.13,2023-07-14T00:00:00.000,ise
4128.67,2023-07-13T00:00:00.000,ise
4193.59,2023-07-12T00:00:00.000,ise
4154.06,2023-07-11T00:00:00.000,ise
4189.96,2023-07-08T00:00:00.000,ise
4195.93,2023-07-07T00:00:00.000,ise
4128.08,2023-07-06T00:00:00.000,ise
4177.58,2023-07-01T00:00:00.000,ise
4191.28,2023-06-30T00:00:00.000,ise
4169.6,2023-06-29T00:00:00.000,ise
4152.48,2023-06-28T00:00:00.000,ise
4172.33,2023-06-27T00:00:00.000,ise
4168.88,2023-06-24T00:00:00.000,ise
4114.39,2023-06-23T00:00:00.000,ise
4158.21,2023-06-22T00:00:00.000,ise
4149.18,2023-06-21T00:00:00.000,ise
4145.72,2023-06-17T00:00:00.000,ise
4164.66,2023-06-16T00:00:00.000,ise
4182.33,2023-06-15T00:00:00.000,ise
4186.3,2023-06-14T00:00:00.000,ise
4173.66,2023-06-10T00:00:00.000,ise
4179.98,2023-06-09T00:00:00.000,ise
4209.14,2023-06-08T00:00:00.000,ise
4245.0,2023-06-07T00:00:00.000,ise
4307.02,2023-06-06T00:00:00.000,ise
4355.8,2023-06-03T00:00:00.000,ise
4410.49,2023-06-02T00:00:00.000,ise
4434.09,2023-06-01T00:00:00.000,ise
4408.65,2023-05-31T00:00:00.000,ise
4461.66,2023-05-27T00:00:00.000,ise
4470.83,2023-05-26T00:00:00.000,ise
4448.93,2023-05-25T00:00:00.000,ise
4501.81,2023-05-24T00:00:00.000,ise
4528.67,2023-05-20T00:00:00.000,ise
4521.64,2023-05-19T00:00:00.000,ise
4528.3,2023-05-18T00:00:00.000,ise
4531.58,2023-05-17T00:00:00.000,ise
4506.49,2023-05-16T00:00:00.000,ise
4564.44,2023-05-13T00:00:00.000,ise
4601.15,2023-05-12T00:00:00.000,ise
4545.39,2023-05-11T00:00:00.000,ise
4540.34,2023-05-10T00:00:00.000,ise
4490.58,2023-05-09T00:00:00.000,ise
4552.56,2023-05-06T00:00:00.000,ise
4616.58,2023-05-05T00:00:00.000,ise
4667.09,2023-05-04T00:00:00.000,ise
4713.08,2023-05-03T00:00:00.000,ise
4669.0,2023-04-29T00:00:00.000,ise
4654.14,2023-04-28T00:00:00.000,ise
4552.59,2023-04-27T00:00:00.000,ise
4486.6,2023-04-26T00:00:00.000,ise
4482.45,2023-04-25T00:00:00.000,ise
4523.64,2023-04-22T00:00:00.000,ise
4535.78,2023-04-21T00:00:00.000,ise
4532.43,2023-04-20T00:00:00.000,ise
4473.07,2023-04-19T00:00:00.000,ise
4431.45,2023-04-18T00:00:00.000,ise
4425.27,2023-04-15T00:00:00.000,ise
4424.02,2023-04-14T00:00:00.000,ise
4458.87,2023-04-13T00:00:00.000,ise
4516.76,2023-04-12T00:00:00.000,ise
4564.24,2023-04-11T00:00:00.000,ise
4570.91,2023-04-06T00:00:00.000,ise
4587.31,2023-04-05T00:00:00.000,ise
4603.0,2023-04-04T00:00:00.000,ise
4646.08,2023-04-01T00:00:00.000,ise
4627.27,2023-03-31T00:00:00.000,ise
4627.63,2023-03-30T00:00:00.000,ise
4658.79,2023-03-29T00:00:00.000,ise
4686.83,2023-03-28T00:00:00.000,ise
4741.76,2023-03-25T00:00:00.000,ise
4755.12,2023-03-24T00:00:00.000,ise
4776.09,2023-03-23T00:00:00.000,ise
4804.29,2023-03-22T00:00:00.000,ise
4824.25,2023-03-18T00:00:00.000,ise
4866.5,2023-03-17T00:00:00.000,ise
4835.51,2023-03-16T00:00:00.000,ise
4736.03,2023-03-15T00:00:00.000,ise
4769.76,2023-03-14T00:00:00.000,ise
4748.14,2023-03-11T00:00:00.000,ise
4748.61,2023-03-10T00:00:00.000,ise
4755.59,2023-03-09T00:00:00.000,ise
4744.95,2023-03-08T00:00:00.000,ise
4734.42,2023-03-07T00:00:00.000,ise
4780.89,2023-03-04T00:00:00.000,ise
4855.83,2023-03-03T00:00:00.000,ise
4848.78,2023-03-02T00:00:00.000,ise
4814.11,2023-03-01T00:00:00.000,ise
4808.14,2023-02-28T00:00:00.000,ise
4849.65,2023-02-25T00:00:00.000,ise
4853.9,2023-02-24T00:00:00.000,ise
4924.91,2023-02-23T00:00:00.000,ise
4950.33,2023-02-22T00:00:00.000,ise
4918.94,2023-02-18T00:00:00.000,ise
4966.33,2023-02-17T00:00:00.000,ise
4878.24,2023-02-16T00:00:00.000,ise
4783.24,2023-02-15T00:00:00.000,ise
4818.62,2023-02-14T00:00:00.000,ise
4777.73,2023-02-11T00:00:00.000,ise
4742.05,2023-02-10T00:00:00.000,ise
4769.85,2023-02-09T00:00:00.000,ise
4775.99,2023-02-08T00:00:00.000,ise
4776.25,2023-02-07T00:00:00.000,ise
4669.74,2023-02-04T00:00:00.000,ise
4584.44,2023-02-03T00:00:00.000,ise
4639.04,2023-02-02T00:00:00.000,ise
4648.7,2023-02-01T00:00:00.000,ise
4632.2,2023-01-31T00:00:00.000,ise
4548.5,2023-01-28T00:00:00.000,ise
4531.75,2023-01-27T00:00:00.000,ise
4538.91,2023-01-26T00:00:00.000,ise
4545.94,2023-01-25T00:00:00.000,ise
4551.02,2023-01-24T00:00:00.000,ise
4631.64,2023-01-21T00:00:00.000,ise
4683.85,2023-01-20T00:00:00.000,ise
4702.67,2023-01-19T00:00:00.000,ise
4691.09,2023-01-18T00:00:00.000,ise
4693.99,2023-01-14T00:00:00.000,ise
4692.04,2023-01-13T00:00:00.000,ise
4748.54,2023-01-12T00:00:00.000,ise
4807.85,2023-01-11T00:00:00.000,ise
4885.66,2023-01-07T00:00:00.000,ise
4989.58,2023-01-06T00:00:00.000,ise
4924.0,2023-01-05T00:00:00.000,ise
4842.26,2023-01-04T00:00:00.000,ise
4810.2,2022-12-30T00:00:00.000,ise
4765.92,2022-12-29T00:00:00.000,ise
4766.82,2022-12-28T00:00:00.000,ise
4745.04,2022-12-24T00:00:00.000,ise
4760.61,2022-12-23T00:00:00.000,ise
4761.64,2022-12-22T00:00:00.000,ise
4769.29,2022-12-21T00:00:00.000,ise
4781.28,2022-12-20T00:00:00.000,ise
4802.48,2022-12-17T00:00:00.000,ise
4797.02,2022-12-16T00:00:00.000,ise
4778.28,2022-12-15T00:00:00.000,ise
4791.57,2022-12-14T00:00:00.000,ise
4836.24,2022-12-13T00:00:00.000,ise
4815.99,2022-12-10T00:00:00.000,ise
4825.83,2022-12-08T00:00:00.000,ise
4818.32,2022-12-07T00:00:00.000,ise
4812.37,2022-12-06T00:00:00.000,ise
4767.19,2022-12-03T00:00:00.000,ise
4779.06,2022-12-02T00:00:00.000,ise
4815.59,2022-12-01T00:00:00.000,ise
4809.51,2022-11-30T00:00:00.000,ise
4840.6,2022-11-29T00:00:00.000,ise
4881.41,2022-11-26T00:00:00.000,ise
4875.91,2022-11-24T00:00:00.000,ise
4914.34,2022-11-23T00:00:00.000,ise
4958.42,2022-11-22T00:00:00.000,ise
4994.61,2022-11-19T00:00:00.000,ise
5022.03,2022-11-18T00:00:00.000,ise
4922.7,2022-11-17T00:00:00.000,ise
4801.06,2022-11-16T00:00:00.000,ise
4806.07,2022-11-11T00:00:00.000,ise
4914.71,2022-11-10T00:00:00.000,ise
5013.2,2022-11-09T00:00:00.000,ise
5061.21,2022-11-05T00:00:00.000,ise
5058.02,2022-11-04T00:00:00.000,ise
5015.84,2022-11-03T00:00:00.000,ise
4975.58,2022-11-02T00:00:00.000,ise
4898.74,2022-11-01T00:00:00.000,ise
4819.42,2022-10-29T00:00:00.000,ise
4821.92,2022-10-28T00:00:00.000,ise
4895.29,2022-10-27T00:00:00.000,ise
4948.14,2022-10-26T00:00:00.000,ise
4968.94,2022-10-25T00:00:00.000,ise
4913.24,2022-10-22T00:00:00.000,ise
4885.5,2022-10-21T00:00:00.000,ise
4815.09,2022-10-20T00:00:00.000,ise
4744.04,2022-10-19T00:00:00.000,ise
4636.83,2022-10-15T00:00:00.000,ise
4619.78,2022-10-14T00:00:00.000,ise
4611.18,2022-10-13T00:00:00.000,ise
4611.88,2022-10-12T00:00:00.000,ise
4605.29,2022-10-08T00:00:00.000,ise
4627.61,2022-10-07T00:00:00.000,ise
4548.89,2022-10-06T00:00:00.000,ise
4484.74,2022-10-05T00:00:00.000,ise
4545.66,2022-10-04T00:00:00.000,ise
4590.54,2022-10-01T00:00:00.000,ise
4532.07,2022-09-30T00:00:00.000,ise
4486.94,2022-09-29T00:00:00.000,ise
4556.42,2022-09-28T00:00:00.000,ise
4496.99,2022-09-27T00:00:00.000,ise
4426.47,2022-09-24T00:00:00.000,ise
4379.8,2022-09-23T00:00:00.000,ise
4403.82,2022-09-22T00:00:00.000,ise
4420.38,2022-09-21T00:00:00.000,ise
4415.11,2022-09-20T00:00:00.000,ise
4435.84,2022-09-17T00:00:00.000,ise
4404.64,2022-09-16T00:00:00.000,ise
4389.8,2022-09-15T00:00:00.000,ise
4413.89,2022-09-14T00:00:00.000,ise
4346.91,2022-09-13T00:00:00.000,ise
4365.32,2022-09-10T00:00:00.000,ise
4396.69,2022-09-09T00:00:00.000,ise
4446.36,2022-09-08T00:00:00.000,ise
4480.1,2022-09-07T00:00:00.000,ise
4466.73,2022-09-03T00:00:00.000,ise
4467.03,2022-09-02T00:00:00.000,ise
4422.77,2022-09-01T00:00:00.000,ise
4400.16,2022-08-31T00:00:00.000,ise
4386.13,2022-08-30T00:00:00.000,ise
4388.02,2022-08-27T00:00:00.000,ise
4407.95,2022-08-26T00:00:00.000,ise
4380.19,2022-08-25T00:00:00.000,ise
4374.45,2022-08-24T00:00:00.000,ise
4399.16,2022-08-23T00:00:00.000,ise
4400.25,2022-08-20T00:00:00.000,ise
4413.86,2022-08-19T00:00:00.000,ise
4316.47,2022-08-18T00:00:00.000,ise
4218.48,2022-08-17T00:00:00.000,ise
4185.49,2022-08-13T00:00:00.000,ise
4231.45,2022-08-12T00:00:00.000,ise
4273.82,2022-08-11T00:00:00.000,ise
4309.69,2022-08-10T00:00:00.000,ise
4307.09,2022-08-09T00:00:00.000,ise
4337.28,2022-08-06T00:00:00.000,ise
4268.3,2022-08-05T00:00:00.000,ise
4331.15,2022-08-04T00:00:00.000,ise
4313.3,2022-08-03T00:00:00.000,ise
4245.99,2022-08-02T00:00:00.000,ise
4300.3,2022-07-30T00:00:00.000,ise
4375.51,2022-07-29T00:00:00.000,ise
4420.75,2022-07-28T00:00:00.000,ise
4445.01,2022-07-27T00:00:00.000,ise
4461.63,2022-07-26T00:00:00.000,ise
4423.86,2022-07-23T00:00:00.000,ise
4410.14,2022-07-22T00:00:00.000,ise
4303.34,2022-07-20T00:00:00.000,ise
4315.41,2022-07-19T00:00:00.000,ise
4395.63,2022-07-16T00:00:00.000,ise
4519.65,2022-07-15T00:00:00.000,ise
4558.05,2022-07-14T00:00:00.000,ise
4627.46,2022-07-13T00:00:00.000,ise
4513.28,2022-07-12T00:00:00.000,ise
4388.27,2022-07-09T00:00:00.000,ise
4369.7,2022-07-08T00:00:00.000,ise
4348.68,2022-07-07T00:00:00.000,ise
4259.86,2022-07-06T00:00:00.000,ise
4198.77,2022-07-02T00:00:00.000,ise
4151.21,2022-07-01T00:00:00.000,ise
4127.47,2022-06-30T00:00:00.000,ise
4089.72,2022-06-29T00:00:00.000,ise
4129.87,2022-06-25T00:00:00.000,ise
4068.75,2022-06-24T00:00:00.000,ise
4026.52,2022-06-23T00:00:00.000,ise
4026.92,2022-06-22T00:00:00.000,ise
3905.05,2022-06-18T00:00:00.000,ise
3912.15,2022-06-17T00:00:00.000,ise
3923.96,2022-06-16T00:00:00.000,ise
3979.3,2022-06-15T00:00:00.000,ise
4016.5,2022-06-14T00:00:00.000,ise
3912.51,2022-06-11T00:00:00.000,ise
3833.34,2022-06-10T00:00:00.000,ise
3782.65,2022-06-09T00:00:00.000,ise
3790.88,2022-06-08T00:00:00.000,ise
3799.5,2022-06-07T00:00:00.000,ise
3771.63,2022-06-04T00:00:00.000,ise
3784.98,2022-06-03T00:00:00.000,ise
3791.74,2022-06-02T00:00:00.000,ise
3776.52,2022-06-01T00:00:00.000,ise
3912.34,2022-05-28T00:00:00.000,ise
3930.89,2022-05-27T00:00:00.000,ise
3959.05,2022-05-26T00:00:00.000,ise
3971.28,2022-05-25T00:00:00.000,ise
3950.35,2022-05-24T00:00:00.000,ise
3989.84,2022-05-21T00:00:00.000,ise
4050.88,2022-05-20T00:00:00.000,ise
4054.71,2022-05-19T00:00:00.000,ise
4033.85,2022-05-18T00:00:00.000,ise
4070.25,2022-05-17T00:00:00.000,ise
4110.53,2022-05-14T00:00:00.000,ise
4109.71,2022-05-13T00:00:00.000,ise
4080.32,2022-05-12T00:00:00.000,ise
4086.71,2022-05-11T00:00:00.000,ise
4085.76,2022-05-10T00:00:00.000,ise
4053.93,2022-05-07T00:00:00.000,ise
4086.08,2022-05-06T00:00:00.000,ise
4056.41,2022-05-05T00:00:00.000,ise
4016.34,2022-05-04T00:00:00.000,ise
4004.07,2022-05-03T00:00:00.000,ise
3966.27,2022-04-30T00:00:00.000,ise
3984.77,2022-04-29T00:00:00.000,ise
3967.32,2022-04-28T00:00:00.000,ise
3947.63,2022-04-27T00:00:00.000,ise
3931.74,2022-04-26T00:00:00.000,ise
3819.07,2022-04-23T00:00:00.000,ise
3759.54,2022-04-22T00:00:00.000,ise
3758.65,2022-04-21T00:00:00.000,ise
3755.85,2022-04-20T00:00:00.000,ise
3731.31,2022-04-19T00:00:00.000,ise
3737.32,2022-04-14T00:00:00.000,ise
3736.7,2022-04-13T00:00:00.000,ise
3744.16,2022-04-12T00:00:00.000,ise
3777.41,2022-04-09T00:00:00.000,ise
3771.83,2022-04-08T00:00:00.000,ise
3746.51,2022-04-07T00:00:00.000,ise
3723.79,2022-04-06T00:00:00.000,ise
3706.95,2022-04-05T00:00:00.000,ise
3774.79,2022-04-02T00:00:00.000,ise
3756.03,2022-04-01T00:00:00.000,ise
3748.15,2022-03-31T00:00:00.000,ise
3765.96,2022-03-30T00:00:00.000,ise
3785.7,2022-03-29T00:00:00.000,ise
3785.66,2022-03-26T00:00:00.000,ise
3798.9,2022-03-25T00:00:00.000,ise
3756.64,2022-03-24T00:00:00.000,ise
3765.67,2022-03-23T00:00:00.000,ise
3820.67,2022-03-19T00:00:00.000,ise
3816.43,2022-03-18T00:00:00.000,ise
3826.89,2022-03-17T00:00:00.000,ise
3836.56,2022-03-16T00:00:00.000,ise
3800.85,2022-03-15T00:00:00.000,ise
3827.64,2022-03-12T00:00:00.000,ise
3786.0,2022-03-11T00:00:00.000,ise
3746.43,2022-03-10T00:00:00.000,ise
3787.18,2022-03-09T00:00:00.000,ise
3813.41,2022-03-08T00:00:00.000,ise
